timestamp,pair,action,size,price,pnl,notes,detected_biases,bias_flag
2024-01-01 08:30:00,EUR/JPY,Buy,2.0,145.21607,-60.0,,,No
2024-01-01 09:07:00,EUR/USD,Buy,1.5,1.09212,375.0,,,No
2024-01-01 16:21:00,USD/CAD,Sell,0.1,1.33906,-5.0,,,No
2024-01-01 20:06:00,EUR/AUD,Buy,0.1,1.61763,19.0,,,No
2024-01-02 04:01:00,AUD/JPY,Buy,1.0,144.79578,120.0,,,No
2024-01-03 10:16:00,NZD/JPY,Buy,0.1,144.79841,-10.0,,,No
2024-01-04 12:04:00,EUR/CAD,Sell,0.5,1.46106,-210.0,,,No
2024-01-04 23:48:00,USD/JPY,Buy,0.2,144.24966,-24.0,Entered to recover loss,Revenge trading detected,Yes
2024-01-05 10:48:00,AUD/JPY,Buy,0.1,144.55942,7.0,,,No
2024-01-05 14:29:00,NZD/JPY,Sell,1.0,144.60501,-310.0,,,No
2024-01-05 18:46:00,AUD/JPY,Sell,1.0,145.63756,-50.0,,,No
2024-01-05 20:24:00,GBP/USD,Buy,0.2,1.27026,-54.0,Technical setup,,No
2024-01-06 04:28:00,USD/MXN,Sell,0.1,17.77093,30.0,,,No
2024-01-06 15:29:00,EUR/AUD,Buy,0.2,1.60444,18.0,,,No
2024-01-07 00:06:00,AUD/USD,Buy,0.5,0.66879,-15.0,,,No
2024-01-07 02:56:00,AUD/JPY,Buy,1.0,144.73826,400.0,"Emotional trade, panic",Emotional trading detected,Yes
2024-01-08 08:15:00,USD/CAD,Buy,1.5,1.33995,-315.0,,,No
2024-01-08 17:25:00,GBP/JPY,Buy,1.5,145.35781,-405.0,Entered to recover loss,Revenge trading detected,Yes
2024-01-10 02:42:00,NZD/USD,Sell,2.0,0.63039,-380.0,Followed trading plan,,No
2024-01-10 03:08:00,NZD/JPY,Buy,0.1,144.42224,4.0,Revenge trade after loss,Revenge trading detected,Yes
2024-01-10 03:45:00,EUR/AUD,Buy,0.5,1.61357,20.0,Technical setup,,No
2024-01-10 11:54:00,USD/SGD,Buy,2.0,1.34953,-120.0,,,No
2024-01-10 23:28:00,EUR/GBP,Buy,0.5,0.85619,-45.0,,,No
2024-01-11 01:56:00,USD/SGD,Buy,0.2,1.34813,42.0,,,No
2024-01-12 03:41:00,GBP/USD,Buy,0.2,1.27131,-68.0,,,No
2024-01-12 04:46:00,AUD/USD,Sell,1.0,0.67065,-490.0,,,No
2024-01-12 14:20:00,GBP/NZD,Buy,0.2,2.03373,64.0,,,No
2024-01-13 00:23:00,GBP/NZD,Buy,1.5,2.03567,-390.0,,,No
2024-01-13 04:28:00,EUR/CAD,Buy,1.5,1.45865,105.0,,,No
2024-01-13 13:28:00,EUR/AUD,Sell,2.0,1.61471,-240.0,News-driven entry,,No
2024-01-13 14:47:00,EUR/USD,Sell,1.5,1.08939,-270.0,,,No
2024-01-14 16:02:00,USD/CAD,Sell,1.0,1.33519,160.0,,,No
2024-01-14 16:15:00,AUD/JPY,Sell,0.1,145.58996,-2.0,Good risk/reward,,No
2024-01-14 18:59:00,EUR/JPY,Sell,2.0,145.43654,160.0,,,No
2024-01-14 23:21:00,GBP/USD,Buy,0.5,1.26754,35.0,News-driven entry,,No
2024-01-15 06:58:00,AUD/JPY,Sell,0.1,145.66905,-1.0,,,No
2024-01-15 13:21:00,NZD/JPY,Buy,0.1,145.68062,-57.0,,,No
2024-01-16 19:32:00,NZD/USD,Buy,0.5,0.63155,5.0,,,No
2024-01-16 22:15:00,USD/CAD,Buy,0.2,1.3388,4.0,,,No
2024-01-17 05:21:00,USD/CAD,Sell,2.0,1.33201,-80.0,,,No
2024-01-17 13:17:00,GBP/AUD,Sell,0.2,1.91205,84.0,,,No
2024-01-17 14:33:00,EUR/JPY,Sell,1.0,144.77455,-180.0,,,No
2024-01-17 19:05:00,AUD/USD,Sell,1.5,0.66899,465.0,,,No
2024-01-18 03:53:00,EUR/GBP,Sell,0.2,0.85863,14.0,Followed trading plan,,No
2024-01-18 05:09:00,EUR/AUD,Sell,0.1,1.61047,23.0,,,No
2024-01-18 12:06:00,USD/CHF,Buy,2.0,0.87815,-80.0,,,No
2024-01-18 17:19:00,EUR/CAD,Buy,0.2,1.45828,-64.0,,,No
2024-01-19 00:56:00,NZD/USD,Sell,2.0,0.63056,40.0,,,No
2024-01-19 06:44:00,USD/JPY,Buy,0.2,145.00222,-10.0,Technical setup,,No
2024-01-19 08:03:00,EUR/NZD,Sell,1.5,1.73261,-165.0,,,No
2024-01-19 19:19:00,EUR/USD,Buy,0.2,1.08888,-26.0,,,No
2024-01-19 23:39:00,EUR/GBP,Sell,1.0,0.85958,50.0,,,No
2024-01-21 07:17:00,USD/MXN,Sell,1.5,17.90072,705.0,,,No
2024-01-21 11:35:00,EUR/JPY,Sell,0.5,145.11203,-10.0,,,No
2024-01-22 13:02:00,GBP/JPY,Buy,2.0,144.16533,-20.0,,,No
2024-01-22 21:04:00,USD/SGD,Buy,1.0,1.35024,500.0,,,No
2024-01-23 06:58:00,EUR/CAD,Sell,0.5,1.45916,10.0,,,No
2024-01-24 16:14:00,AUD/JPY,Buy,0.5,144.49163,125.0,,,No
2024-01-24 23:13:00,AUD/USD,Sell,1.5,0.67151,120.0,,,No
2024-01-25 00:43:00,USD/SGD,Buy,0.2,1.34632,56.0,,,No
2024-01-25 07:16:00,EUR/JPY,Sell,0.1,144.39019,13.0,News-driven entry,,No
2024-01-25 08:31:00,GBP/USD,Buy,0.2,1.27835,-38.0,,,No
2024-01-25 10:33:00,NZD/JPY,Buy,0.5,144.75366,10.0,,,No
2024-01-25 12:35:00,AUD/USD,Sell,0.1,0.66899,-16.0,,,No
2024-01-25 16:03:00,USD/JPY,Buy,0.5,145.02982,-115.0,Good risk/reward,,No
2024-01-25 23:26:00,GBP/AUD,Buy,0.5,1.91271,-130.0,"Emotional trade, panic",Emotional trading detected,Yes
2024-01-27 01:19:00,USD/SGD,Sell,1.0,1.35628,-160.0,,,No
2024-01-28 06:00:00,AUD/JPY,Sell,2.0,144.8599,360.0,,,No
2024-01-29 10:50:00,EUR/NZD,Buy,1.5,1.73357,90.0,News-driven entry,,No
2024-01-29 14:32:00,GBP/AUD,Sell,1.5,1.91749,-690.0,Followed trading plan,,No
2024-01-29 21:33:00,GBP/NZD,Buy,2.0,2.03112,160.0,"Forced trade, no signal",Forced trade detected,Yes
2024-01-30 04:32:00,USD/CAD,Sell,0.5,1.34314,-125.0,,,No
2024-01-30 10:15:00,GBP/AUD,Sell,0.5,1.90243,75.0,,,No
2024-01-30 22:06:00,AUD/USD,Buy,1.0,0.6706,20.0,,,No
2024-01-30 23:53:00,NZD/USD,Sell,0.2,0.63065,-12.0,Good risk/reward,,No
2024-02-01 09:24:00,USD/CHF,Buy,1.0,0.88061,40.0,"Forced trade, no signal",Forced trade detected,Yes
2024-02-01 17:39:00,EUR/NZD,Sell,0.1,1.73627,49.0,Good risk/reward,,No
2024-02-01 18:59:00,NZD/JPY,Buy,1.5,145.20612,-390.0,,,No
2024-02-02 02:10:00,USD/CAD,Sell,1.0,1.34264,-200.0,,,No
2024-02-02 03:56:00,NZD/USD,Buy,0.1,0.63149,11.0,Good risk/reward,,No
2024-02-02 15:46:00,GBP/NZD,Sell,0.5,2.025,565.0,,,No
2024-02-02 20:21:00,NZD/JPY,Buy,1.5,145.3576,615.0,Good risk/reward,,No
2024-02-03 01:40:00,NZD/JPY,Sell,1.0,144.89326,-160.0,,,No
2024-02-03 03:07:00,GBP/USD,Sell,1.5,1.26661,-225.0,,,No
2024-02-04 13:01:00,NZD/JPY,Buy,2.0,144.96646,140.0,,,No
2024-02-04 20:38:00,EUR/JPY,Buy,1.0,145.12036,180.0,News-driven entry,,No
2024-02-05 02:11:00,EUR/GBP,Buy,2.0,0.86003,380.0,,,No
2024-02-05 02:53:00,EUR/NZD,Buy,0.5,1.73862,355.0,,,No
2024-02-06 02:59:00,AUD/JPY,Sell,0.2,145.27217,-38.0,,,No
2024-02-06 03:56:00,NZD/USD,Sell,0.5,0.62798,25.0,Followed trading plan,,No
2024-02-06 09:19:00,AUD/JPY,Buy,0.1,144.90279,16.0,Good risk/reward,,No
2024-02-06 12:01:00,GBP/NZD,Sell,0.5,2.03288,-10.0,,,No
2024-02-06 14:34:00,EUR/CAD,Buy,1.5,1.45629,-495.0,Technical setup,,No
2024-02-06 23:18:00,EUR/JPY,Buy,0.5,144.80577,95.0,,,No
2024-02-07 07:38:00,GBP/AUD,Sell,1.5,1.91123,-540.0,,,No
2024-02-08 11:47:00,NZD/JPY,Sell,1.0,145.07533,80.0,Entered to recover loss,,No
2024-02-08 18:22:00,EUR/CAD,Buy,0.1,1.45613,3.0,,,No
2024-02-09 01:57:00,EUR/GBP,Sell,0.2,0.86015,32.0,,,No
2024-02-09 06:33:00,EUR/AUD,Sell,0.5,1.61271,130.0,,,No
2024-02-09 14:57:00,AUD/JPY,Buy,0.2,145.4584,-60.0,,,No
2024-02-09 22:26:00,EUR/GBP,Buy,2.0,0.85758,140.0,,,No
2024-02-10 04:38:00,GBP/AUD,Sell,1.5,1.91294,225.0,,,No
2024-02-10 15:07:00,EUR/CAD,Buy,1.5,1.47687,195.0,,,No
2024-02-10 15:21:00,EUR/NZD,Sell,0.2,1.74593,50.0,,,No
2024-02-10 22:40:00,EUR/JPY,Sell,0.2,145.28336,-14.0,Technical setup,,No
2024-02-11 08:33:00,USD/CHF,Sell,2.0,0.882,-620.0,"Forced trade, no signal",Forced trade detected,Yes
2024-02-12 09:28:00,GBP/NZD,Sell,0.2,2.02704,4.0,,,No
2024-02-12 20:48:00,GBP/JPY,Buy,2.0,146.00688,-820.0,News-driven entry,,No
2024-02-12 22:25:00,USD/CHF,Sell,0.2,0.88181,-42.0,,,No
2024-02-13 03:09:00,AUD/USD,Sell,1.0,0.66905,110.0,,,No
2024-02-14 11:13:00,USD/JPY,Buy,0.2,145.02796,-46.0,,,No
2024-02-15 20:48:00,GBP/AUD,Buy,0.1,1.9059,19.0,,,No
2024-02-16 01:21:00,NZD/JPY,Sell,0.5,144.68229,25.0,News-driven entry,,No
2024-02-17 05:12:00,USD/JPY,Sell,0.5,145.01982,-70.0,Good risk/reward,,No
2024-02-17 13:41:00,EUR/GBP,Buy,1.5,0.86553,120.0,,,No
2024-02-17 22:59:00,USD/SGD,Buy,2.0,1.3418,80.0,,,No
2024-02-18 23:37:00,GBP/AUD,Buy,0.2,1.90621,48.0,,,No
2024-02-19 10:42:00,GBP/AUD,Buy,0.2,1.90546,-6.0,,,No
2024-02-19 14:24:00,EUR/USD,Buy,0.2,1.09165,28.0,,,No
2024-02-20 23:56:00,NZD/USD,Buy,0.2,0.62773,-6.0,,,No
2024-02-21 02:29:00,GBP/JPY,Sell,0.1,144.7934,-14.0,Followed trading plan,,No
2024-02-21 02:50:00,AUD/USD,Sell,2.0,0.67355,80.0,Technical setup,,No
2024-02-21 11:40:00,NZD/JPY,Buy,0.2,144.45152,40.0,,,No
2024-02-22 20:38:00,USD/CHF,Sell,0.1,0.8856,14.0,,,No
2024-02-23 05:05:00,EUR/NZD,Buy,0.5,1.73207,-65.0,,,No
2024-02-23 14:31:00,EUR/AUD,Sell,1.5,1.61612,-255.0,,,No
2024-02-23 16:33:00,AUD/JPY,Buy,0.2,145.19306,34.0,,,No
2024-02-23 21:58:00,EUR/JPY,Sell,2.0,144.59679,-20.0,,,No
2024-02-23 23:41:00,GBP/AUD,Buy,1.5,1.89143,-435.0,,,No
2024-02-24 11:07:00,USD/SGD,Buy,1.5,1.34898,-375.0,,,No
2024-02-24 13:02:00,GBP/AUD,Sell,0.5,1.91935,-205.0,,,No
2024-02-25 23:35:00,AUD/JPY,Buy,2.0,144.80858,60.0,,,No
2024-02-26 05:27:00,GBP/AUD,Buy,0.2,1.91826,-82.0,Good risk/reward,,No
2024-02-26 14:35:00,NZD/USD,Sell,0.5,0.6322,0.0,,,No
2024-02-28 00:50:00,USD/JPY,Buy,1.5,144.57304,150.0,,,No
2024-02-28 11:16:00,EUR/NZD,Sell,1.5,1.74104,-240.0,,,No
2024-02-28 19:39:00,USD/MXN,Sell,1.0,17.80373,990.0,,,No
2024-02-29 00:05:00,USD/CHF,Sell,1.0,0.88175,210.0,,,No
2024-02-29 11:34:00,GBP/AUD,Buy,2.0,1.90291,1220.0,"Forced trade, no signal",Forced trade detected,Yes
2024-03-01 16:59:00,NZD/JPY,Sell,2.0,144.15084,-60.0,,,No
2024-03-02 03:36:00,EUR/NZD,Sell,0.1,1.74307,7.0,,,No
2024-03-02 08:58:00,EUR/AUD,Buy,0.2,1.60699,-10.0,,,No
2024-03-02 15:00:00,GBP/AUD,Buy,0.2,1.90718,-34.0,,,No
2024-03-02 16:22:00,AUD/USD,Sell,1.5,0.67171,60.0,,,No
2024-03-03 03:17:00,EUR/AUD,Sell,0.1,1.60665,22.0,,,No
2024-03-03 09:22:00,USD/MXN,Buy,1.0,17.81641,2170.0,,,No
2024-03-03 10:59:00,USD/MXN,Sell,1.5,17.83362,-3330.0,,,No
2024-03-03 14:16:00,EUR/AUD,Sell,0.1,1.60729,18.0,,,No
2024-03-04 01:22:00,AUD/USD,Buy,1.0,0.67123,0.0,,,No
2024-03-04 06:16:00,EUR/CAD,Sell,2.0,1.46051,560.0,,,No
2024-03-04 07:57:00,AUD/JPY,Sell,2.0,144.74267,240.0,,,No
2024-03-04 19:21:00,GBP/JPY,Sell,2.0,144.91205,-100.0,,,No
2024-03-06 00:43:00,AUD/JPY,Sell,0.5,145.47797,90.0,,,No
2024-03-06 12:29:00,USD/MXN,Buy,1.0,17.84344,3490.0,"Forced trade, no signal",Forced trade detected,Yes
2024-03-06 16:13:00,EUR/AUD,Sell,0.2,1.6101,32.0,,,No
2024-03-07 01:17:00,GBP/USD,Sell,1.5,1.26882,90.0,,,No
2024-03-08 12:01:00,AUD/USD,Sell,0.5,0.66974,205.0,,,No
2024-03-08 19:45:00,USD/CAD,Buy,1.0,1.33671,420.0,,,No
2024-03-09 03:21:00,EUR/NZD,Sell,1.5,1.73475,-480.0,,,No
2024-03-10 05:47:00,EUR/JPY,Buy,0.5,145.50378,85.0,,,No
2024-03-10 08:36:00,EUR/JPY,Sell,0.2,145.27149,28.0,,,No
2024-03-11 14:38:00,EUR/USD,Sell,1.5,1.08996,-225.0,Followed trading plan,,No
2024-03-11 16:24:00,EUR/AUD,Buy,0.5,1.61037,-80.0,,,No
2024-03-12 02:59:00,EUR/USD,Buy,0.2,1.09319,-186.0,,,No
2024-03-12 04:57:00,USD/CHF,Buy,0.1,0.87915,5.0,,,No
2024-03-12 13:33:00,AUD/JPY,Buy,1.5,144.75478,-270.0,,,No
2024-03-12 17:44:00,NZD/JPY,Sell,2.0,145.106,100.0,Entered to recover loss,,No
2024-03-13 02:47:00,AUD/JPY,Buy,1.0,144.77948,-100.0,,,No
2024-03-13 08:57:00,USD/JPY,Sell,2.0,145.10094,-640.0,,,No
2024-03-13 09:47:00,GBP/AUD,Sell,0.2,1.90194,-40.0,,,No
2024-03-13 12:10:00,USD/JPY,Sell,0.2,144.90715,442.0,News-driven entry,,No
2024-03-13 21:31:00,GBP/NZD,Sell,2.0,2.03522,-180.0,,,No
2024-03-15 03:15:00,EUR/JPY,Buy,1.0,144.5639,0.0,,,No
2024-03-15 06:31:00,GBP/NZD,Sell,1.5,2.02824,150.0,,,No
2024-03-15 09:40:00,AUD/JPY,Sell,0.1,144.64015,11.0,,,No
2024-03-15 12:35:00,EUR/NZD,Sell,2.0,1.748,-60.0,,,No
2024-03-15 13:38:00,USD/JPY,Sell,2.0,145.17474,300.0,Technical setup,,No
2024-03-15 14:51:00,USD/CAD,Sell,1.5,1.33839,75.0,,,No
2024-03-15 22:30:00,USD/JPY,Buy,1.0,145.00548,20.0,,,No
2024-03-16 01:45:00,GBP/NZD,Sell,0.1,2.02529,1.0,,,No
2024-03-18 06:42:00,GBP/NZD,Buy,0.1,2.03303,44.0,,,No
2024-03-18 18:25:00,EUR/AUD,Sell,1.5,1.61463,780.0,,,No
2024-03-19 05:23:00,AUD/USD,Sell,0.1,0.66846,9.0,,,No
2024-03-19 15:14:00,GBP/AUD,Sell,1.5,1.91105,945.0,Technical setup,,No
2024-03-21 23:29:00,USD/MXN,Sell,1.5,17.75684,-3360.0,"Chased breakout, FOMO",FOMO trade detected,Yes
2024-03-22 07:14:00,EUR/NZD,Sell,1.5,1.73687,-825.0,,,No
2024-03-23 08:15:00,EUR/GBP,Buy,0.2,0.85864,-20.0,,,No
2024-03-24 09:40:00,EUR/JPY,Buy,1.5,145.06542,105.0,,,No
2024-03-24 20:41:00,AUD/USD,Buy,1.5,0.67377,150.0,,,No
2024-03-24 21:15:00,USD/JPY,Buy,1.5,144.74905,-300.0,,,No
2024-03-24 21:51:00,GBP/NZD,Sell,0.5,2.033,-200.0,,,No
2024-03-24 22:57:00,AUD/USD,Sell,1.0,0.67368,120.0,,,No
2024-03-25 04:55:00,EUR/CAD,Buy,1.5,1.45795,-570.0,,,No
2024-03-25 09:13:00,GBP/JPY,Buy,1.0,145.58893,-30.0,,,No
2024-03-26 19:09:00,EUR/AUD,Buy,1.0,1.61598,-390.0,,,No
2024-03-26 20:46:00,EUR/CAD,Sell,0.2,1.45737,0.0,,,No
2024-03-28 08:19:00,GBP/NZD,Sell,0.1,2.03029,-14.0,,,No
2024-03-28 14:38:00,GBP/USD,Sell,1.5,1.27237,-300.0,Technical setup,,No
2024-03-28 19:29:00,EUR/GBP,Buy,1.0,0.85963,20.0,,,No
2024-03-29 05:50:00,USD/MXN,Sell,0.1,17.82747,190.0,,,No
2024-03-29 08:27:00,USD/MXN,Buy,1.5,17.73994,-6120.0,,,No
2024-03-30 18:39:00,EUR/AUD,Sell,0.5,1.61617,40.0,"Emotional trade, panic",Emotional trading detected,Yes
2024-03-31 01:50:00,NZD/JPY,Sell,2.0,144.67441,680.0,,,No
2024-03-31 13:06:00,NZD/JPY,Buy,1.5,145.05032,390.0,,,No
2024-04-01 00:48:00,USD/CAD,Buy,2.0,1.34027,820.0,"Forced trade, no signal",Forced trade detected,Yes
2024-04-01 03:28:00,USD/SGD,Buy,1.5,1.35711,-75.0,Followed trading plan,,No
2024-04-01 13:07:00,EUR/AUD,Sell,0.5,1.61469,80.0,,,No
2024-04-02 00:44:00,EUR/JPY,Sell,0.2,145.59535,-42.0,,,No
2024-04-03 05:44:00,NZD/USD,Sell,0.5,0.6313,50.0,,,No
2024-04-03 15:36:00,AUD/JPY,Sell,1.0,144.23495,-260.0,,,No
2024-04-03 20:35:00,USD/JPY,Sell,2.0,144.11293,-120.0,,,No
2024-04-05 08:32:00,EUR/JPY,Buy,2.0,145.31213,660.0,,,No
2024-04-05 19:30:00,USD/CAD,Buy,0.5,1.3403,165.0,Followed trading plan,,No
2024-04-06 03:42:00,GBP/NZD,Buy,0.5,2.0216,-260.0,,,No
2024-04-06 13:34:00,USD/CAD,Buy,0.2,1.33978,16.0,Technical setup,,No
2024-04-06 16:49:00,USD/CHF,Buy,1.5,0.87991,-525.0,,,No
2024-04-07 03:50:00,AUD/JPY,Sell,0.2,144.43256,30.0,Followed trading plan,,No
2024-04-07 14:58:00,EUR/JPY,Buy,0.5,145.15947,-475.0,,,No
2024-04-08 01:57:00,EUR/CAD,Sell,0.1,1.45536,-1.0,,,No
2024-04-09 02:08:00,EUR/JPY,Sell,0.5,145.41549,-110.0,,,No
2024-04-09 13:22:00,GBP/AUD,Buy,0.1,1.91289,-15.0,,,No
2024-04-10 18:45:00,EUR/GBP,Sell,0.2,0.85795,-2.0,,,No
2024-04-11 05:10:00,GBP/AUD,Sell,1.0,1.90407,-160.0,,,No
2024-04-11 16:51:00,USD/JPY,Sell,0.5,144.47892,215.0,Followed trading plan,,No
2024-04-11 19:29:00,AUD/USD,Sell,1.0,0.67007,-70.0,,,No
2024-04-12 04:16:00,EUR/NZD,Buy,1.5,1.74112,-45.0,,,No
2024-04-12 09:36:00,EUR/USD,Sell,0.1,1.08928,10.0,News-driven entry,,No
2024-04-12 18:55:00,GBP/USD,Buy,1.0,1.27289,-100.0,,,No
2024-04-13 06:01:00,USD/SGD,Sell,1.0,1.34767,-60.0,,,No
2024-04-13 17:23:00,AUD/JPY,Buy,0.5,143.99866,-165.0,,,No
2024-04-13 21:16:00,EUR/USD,Buy,1.0,1.09447,270.0,,,No
2024-04-15 01:34:00,EUR/NZD,Sell,0.2,1.7387,30.0,Technical setup,,No
2024-04-15 01:55:00,USD/CAD,Buy,1.5,1.34125,930.0,,,No
2024-04-15 02:45:00,EUR/CAD,Sell,0.2,1.4649,-6.0,,,No
2024-04-15 12:39:00,EUR/AUD,Sell,0.2,1.60538,-78.0,,,No
2024-04-15 22:14:00,NZD/JPY,Buy,1.0,145.08851,-160.0,,,No
2024-04-16 04:49:00,USD/MXN,Sell,1.0,17.72405,-1720.0,,,No
2024-04-16 08:44:00,USD/CHF,Buy,0.1,0.87714,22.0,Followed trading plan,,No
2024-04-16 14:27:00,USD/JPY,Sell,0.1,145.38351,0.0,Technical setup,,No
2024-04-17 00:49:00,GBP/USD,Buy,1.5,1.27564,15.0,,,No
2024-04-18 06:34:00,USD/CHF,Buy,0.2,0.87773,40.0,,,No
2024-04-18 10:47:00,NZD/USD,Sell,1.5,0.63102,-150.0,,,No
2024-04-18 16:07:00,EUR/JPY,Sell,1.0,144.9172,-190.0,,,No
2024-04-18 21:39:00,NZD/USD,Sell,0.1,0.62739,9.0,News-driven entry,,No
2024-04-19 07:42:00,NZD/JPY,Sell,0.2,145.8306,-62.0,,,No
2024-04-19 18:57:00,EUR/AUD,Sell,1.0,1.61272,-160.0,,,No
2024-04-20 01:02:00,AUD/USD,Buy,1.0,0.66902,-60.0,,,No
2024-04-21 10:03:00,GBP/USD,Buy,2.0,1.26671,20.0,"Forced trade, no signal",Forced trade detected,Yes
2024-04-21 20:53:00,USD/CAD,Buy,0.1,1.33666,5.0,Technical setup,,No
2024-04-21 21:14:00,EUR/USD,Sell,1.5,1.08984,-1545.0,,,No
2024-04-22 09:13:00,USD/SGD,Buy,0.1,1.34766,15.0,,,No
2024-04-22 16:04:00,USD/JPY,Sell,1.0,145.2179,-210.0,,,No
2024-04-22 17:31:00,GBP/USD,Buy,1.0,1.27038,140.0,"Forced trade, no signal",Forced trade detected,Yes
2024-04-23 02:07:00,USD/SGD,Sell,0.1,1.34324,11.0,,,No
2024-04-24 14:00:00,NZD/JPY,Sell,0.1,144.71176,12.0,,,No
2024-04-24 17:08:00,EUR/AUD,Buy,1.5,1.60631,-645.0,,,No
2024-04-25 22:19:00,AUD/USD,Buy,1.0,0.66673,0.0,,,No
2024-04-26 10:09:00,USD/JPY,Sell,1.0,145.11298,-200.0,,,No
2024-04-26 20:23:00,EUR/CAD,Sell,0.5,1.4628,-230.0,,,No
2024-04-27 02:52:00,USD/SGD,Buy,2.0,1.3451,-260.0,,,No
2024-04-27 07:31:00,GBP/JPY,Sell,2.0,145.02062,-380.0,Entered to recover loss,Revenge trading detected,Yes
2024-04-27 09:25:00,USD/JPY,Buy,1.0,144.83272,220.0,,,No
2024-04-27 18:58:00,USD/MXN,Sell,0.1,17.76919,223.0,,,No
2024-04-28 01:37:00,EUR/USD,Sell,0.1,1.08631,9.0,,,No
2024-04-28 10:35:00,AUD/USD,Sell,0.5,0.6729,-125.0,Technical setup,,No
2024-04-28 15:46:00,GBP/NZD,Buy,0.2,2.02515,34.0,,,No
2024-04-28 18:09:00,USD/CHF,Buy,0.5,0.87946,25.0,,,No
2024-04-29 01:34:00,GBP/JPY,Sell,2.0,144.73727,40.0,,,No
2024-04-30 06:37:00,GBP/NZD,Buy,0.5,2.02905,180.0,Followed trading plan,,No
2024-04-30 16:00:00,AUD/USD,Buy,1.0,0.67051,30.0,,,No
2024-05-01 17:15:00,USD/SGD,Sell,0.5,1.34833,-50.0,,,No
2024-05-01 18:35:00,EUR/NZD,Sell,1.5,1.73774,150.0,,,No
2024-05-02 00:48:00,AUD/JPY,Buy,0.2,144.81687,12.0,,,No
2024-05-02 11:53:00,EUR/CAD,Sell,1.0,1.46909,190.0,,,No
2024-05-02 21:29:00,NZD/JPY,Buy,1.0,144.85818,260.0,,,No
2024-05-02 21:59:00,GBP/NZD,Buy,0.1,2.02751,-62.0,News-driven entry,,No
2024-05-03 01:35:00,USD/MXN,Sell,0.1,17.74617,-498.0,,,No
2024-05-03 03:37:00,EUR/USD,Sell,2.0,1.08885,0.0,,,No
2024-05-03 09:20:00,AUD/JPY,Sell,0.2,145.72925,14.0,,,No
2024-05-03 16:10:00,EUR/USD,Buy,1.0,1.08928,140.0,,,No
2024-05-03 17:19:00,NZD/JPY,Buy,1.5,144.03816,75.0,,,No
2024-05-04 01:45:00,USD/MXN,Sell,1.5,17.84116,-5940.0,,,No
2024-05-04 04:46:00,USD/CHF,Buy,0.5,0.88302,20.0,Entered to recover loss,,No
2024-05-04 11:13:00,GBP/JPY,Sell,0.2,144.81935,28.0,,,No
2024-05-04 22:18:00,AUD/USD,Buy,0.2,0.67456,4.0,,,No
2024-05-05 22:32:00,GBP/NZD,Buy,1.0,2.03151,-140.0,,,No
2024-05-06 05:42:00,EUR/NZD,Sell,1.5,1.73556,330.0,,,No
2024-05-06 14:57:00,USD/CHF,Buy,1.5,0.87774,15.0,,,No
2024-05-06 16:58:00,EUR/JPY,Sell,0.1,144.79222,10.0,,,No
2024-05-07 04:12:00,USD/CAD,Sell,0.1,1.34134,21.0,,,No
2024-05-07 06:17:00,USD/CAD,Buy,1.5,1.33795,-75.0,,,No
2024-05-07 16:52:00,GBP/JPY,Buy,0.1,144.57424,-10.0,,,No
2024-05-07 21:56:00,USD/CHF,Sell,1.5,0.881,150.0,Technical setup,,No
2024-05-09 02:44:00,GBP/JPY,Buy,2.0,144.59886,380.0,,,No
2024-05-09 05:14:00,NZD/JPY,Sell,1.0,145.5897,90.0,,,No
2024-05-09 14:06:00,EUR/JPY,Sell,1.0,145.81641,-170.0,"Forced trade, no signal",Forced trade detected,Yes
2024-05-09 15:46:00,EUR/NZD,Sell,1.5,1.7335,-690.0,,,No
2024-05-09 21:21:00,USD/CHF,Sell,0.2,0.88395,18.0,,,No
2024-05-09 23:07:00,EUR/NZD,Buy,0.2,1.73971,14.0,"Forced trade, no signal",Forced trade detected,Yes
2024-05-11 02:39:00,GBP/JPY,Sell,0.5,144.51041,265.0,Followed trading plan,,No
2024-05-11 13:24:00,USD/CHF,Buy,0.1,0.88034,1.0,"Forced trade, no signal",Forced trade detected,Yes
2024-05-11 15:44:00,NZD/JPY,Buy,1.0,145.31571,100.0,"Emotional trade, panic",Emotional trading detected,Yes
2024-05-12 23:01:00,GBP/JPY,Sell,1.0,145.09739,-170.0,News-driven entry,,No
2024-05-14 01:26:00,EUR/CAD,Buy,2.0,1.46207,820.0,Followed trading plan,,No
2024-05-14 05:09:00,GBP/JPY,Sell,1.0,145.58526,350.0,,,No
2024-05-14 11:47:00,GBP/AUD,Sell,0.2,1.90707,-56.0,,,No
2024-05-14 22:14:00,USD/CHF,Buy,2.0,0.87967,20.0,,,No
2024-05-15 05:00:00,USD/CHF,Buy,0.2,0.88289,-44.0,,,No
2024-05-15 14:05:00,EUR/USD,Sell,0.2,1.095,-6.0,,,No
2024-05-15 17:06:00,GBP/NZD,Buy,0.1,2.0274,-366.0,Overtrading mistake,Overtrading detected,Yes
2024-05-15 18:12:00,EUR/CAD,Sell,1.5,1.46361,30.0,,,No
2024-05-15 20:53:00,EUR/JPY,Buy,1.5,144.43887,-420.0,,,No
2024-05-16 06:58:00,USD/JPY,Sell,2.0,144.85393,720.0,,,No
2024-05-16 17:29:00,GBP/USD,Sell,2.0,1.26901,-580.0,,,No
2024-05-16 23:29:00,USD/MXN,Sell,0.2,17.78688,-146.0,Good risk/reward,,No
2024-05-17 06:53:00,EUR/JPY,Buy,1.5,143.82685,-15.0,,,No
2024-05-17 16:38:00,AUD/USD,Sell,0.1,0.66954,7.0,Good risk/reward,,No
2024-05-17 16:55:00,USD/CAD,Buy,1.0,1.34743,230.0,,,No
2024-05-18 04:11:00,USD/SGD,Buy,1.0,1.34891,-220.0,,,No
2024-05-18 06:18:00,USD/MXN,Buy,1.5,17.93742,240.0,,,No
2024-05-18 11:41:00,EUR/AUD,Buy,0.1,1.61007,-1.0,,,No
2024-05-18 15:54:00,EUR/NZD,Sell,1.0,1.74103,-40.0,,,No
2024-05-18 20:10:00,GBP/JPY,Buy,0.1,144.75046,-12.0,,,No
2024-05-20 01:58:00,EUR/USD,Sell,2.0,1.08989,-180.0,,,No
2024-05-20 03:04:00,GBP/JPY,Sell,0.2,144.68991,4.0,,,No
2024-05-20 04:35:00,NZD/JPY,Buy,2.0,144.88908,660.0,,,No
2024-05-20 06:53:00,USD/CAD,Sell,0.5,1.32934,110.0,,,No
2024-05-20 10:57:00,USD/JPY,Buy,1.5,145.54205,-675.0,,,No
2024-05-20 13:05:00,AUD/JPY,Sell,0.2,144.85093,-16.0,News-driven entry,,No
2024-05-22 01:03:00,GBP/USD,Buy,0.5,1.26464,-75.0,,,No
2024-05-22 01:58:00,USD/CHF,Sell,0.2,0.87707,46.0,,,No
2024-05-22 06:18:00,EUR/GBP,Sell,0.2,0.86241,32.0,,,No
2024-05-22 09:45:00,EUR/CAD,Sell,2.0,1.46316,-500.0,,,No
2024-05-22 10:56:00,NZD/USD,Sell,0.1,0.62901,5.0,Technical setup,,No
2024-05-22 20:48:00,USD/SGD,Sell,1.0,1.34505,140.0,,,No
2024-05-23 01:39:00,EUR/NZD,Buy,1.5,1.73875,1710.0,,,No
2024-05-24 09:54:00,GBP/USD,Buy,0.2,1.27169,-14.0,,,No
2024-05-26 19:15:00,EUR/USD,Sell,0.5,1.09379,-90.0,,,No
2024-05-27 00:49:00,EUR/CAD,Sell,0.5,1.4627,65.0,,,No
2024-05-27 08:57:00,USD/MXN,Sell,0.2,17.78347,174.0,,,No
2024-05-27 09:59:00,USD/CAD,Sell,0.2,1.33497,36.0,,,No
2024-05-27 20:09:00,EUR/USD,Sell,1.5,1.0894,-135.0,,,No
2024-05-29 04:38:00,AUD/JPY,Sell,0.1,145.45632,-15.0,,,No
2024-05-29 04:43:00,EUR/AUD,Buy,0.5,1.6032,-185.0,,,No
2024-05-29 05:10:00,GBP/JPY,Buy,1.5,145.26361,-420.0,,,No
2024-05-30 12:00:00,NZD/JPY,Buy,0.5,145.76334,-230.0,Revenge trade after loss,Revenge trading detected,Yes
2024-05-30 19:32:00,GBP/NZD,Sell,1.5,2.04033,90.0,,,No
2024-05-30 22:36:00,EUR/CAD,Sell,0.5,1.45958,-60.0,,,No
2024-06-01 05:21:00,NZD/JPY,Buy,0.5,145.17362,-5.0,,,No
2024-06-01 13:54:00,GBP/JPY,Sell,0.2,145.47994,4.0,,,No
2024-06-03 01:25:00,EUR/AUD,Sell,0.2,1.61073,-36.0,,,No
2024-06-03 01:31:00,GBP/USD,Sell,1.0,1.27117,-330.0,,,No
2024-06-03 10:55:00,EUR/CAD,Buy,1.5,1.45409,240.0,Good risk/reward,,No
2024-06-03 16:26:00,EUR/JPY,Buy,0.2,145.07433,-8.0,Good risk/reward,,No
2024-06-04 02:59:00,GBP/NZD,Buy,2.0,2.03011,220.0,,,No
2024-06-04 06:34:00,NZD/USD,Sell,2.0,0.62898,-140.0,,,No
2024-06-04 08:17:00,GBP/USD,Sell,1.0,1.27075,-190.0,,,No
2024-06-04 19:39:00,GBP/NZD,Buy,0.2,2.03249,-104.0,Good risk/reward,,No
2024-06-05 02:31:00,GBP/NZD,Sell,0.5,2.03627,70.0,,,No
2024-06-06 08:54:00,AUD/USD,Sell,1.0,0.67051,1220.0,,,No
2024-06-06 20:52:00,EUR/GBP,Buy,1.5,0.86262,-360.0,Technical setup,,No
2024-06-08 04:05:00,AUD/JPY,Sell,0.2,144.44338,-28.0,,,No
2024-06-08 12:59:00,NZD/JPY,Buy,1.0,145.01135,110.0,,,No
2024-06-09 15:13:00,GBP/USD,Sell,2.0,1.26723,80.0,,,No
2024-06-10 19:42:00,EUR/AUD,Buy,1.5,1.60635,-225.0,,,No
2024-06-10 19:59:00,NZD/JPY,Sell,0.2,144.3881,-40.0,Revenge trade after loss,Revenge trading detected,Yes
2024-06-12 05:40:00,EUR/GBP,Sell,0.5,0.85651,-60.0,,,No
2024-06-12 13:49:00,GBP/USD,Buy,0.2,1.27401,-36.0,,,No
2024-06-12 19:33:00,USD/CAD,Buy,0.5,1.35058,50.0,,,No
2024-06-13 00:25:00,GBP/NZD,Buy,0.2,2.03113,-52.0,,,No
2024-06-14 05:05:00,USD/SGD,Buy,0.2,1.35284,-24.0,,,No
2024-06-14 11:32:00,GBP/USD,Buy,2.0,1.27046,980.0,,,No
2024-06-15 12:06:00,AUD/USD,Buy,0.2,0.66981,22.0,,,No
2024-06-15 16:51:00,GBP/AUD,Sell,2.0,1.90597,-20.0,,,No
2024-06-16 00:32:00,AUD/USD,Sell,0.5,0.67356,-30.0,,,No
2024-06-17 02:09:00,USD/CHF,Buy,0.2,0.88478,18.0,,,No
2024-06-17 06:04:00,NZD/USD,Sell,1.5,0.62894,90.0,Overtrading mistake,Overtrading detected,Yes
2024-06-17 08:24:00,AUD/USD,Buy,1.5,0.67195,90.0,,,No
2024-06-17 15:42:00,EUR/CAD,Sell,0.2,1.45312,-32.0,,,No
2024-06-17 17:31:00,EUR/USD,Sell,1.5,1.08919,-15.0,Good risk/reward,,No
2024-06-17 22:19:00,EUR/AUD,Sell,2.0,1.613,80.0,,,No
2024-06-18 02:30:00,GBP/USD,Sell,2.0,1.26491,140.0,,,No
2024-06-18 09:43:00,EUR/CAD,Sell,1.5,1.46267,180.0,,,No
2024-06-18 13:35:00,AUD/JPY,Sell,2.0,145.47014,360.0,,,No
2024-06-18 23:11:00,AUD/USD,Sell,0.2,0.67092,-2.0,,,No
2024-06-20 10:52:00,EUR/AUD,Buy,0.2,1.60198,20.0,,,No
2024-06-20 15:23:00,NZD/JPY,Sell,0.1,145.09034,6.0,,,No
2024-06-21 16:40:00,GBP/NZD,Buy,2.0,2.02222,-660.0,Followed trading plan,,No
2024-06-21 20:10:00,EUR/AUD,Sell,1.0,1.61509,-10.0,Revenge trade after loss,Revenge trading detected,Yes
2024-06-22 04:34:00,EUR/AUD,Buy,0.1,1.61329,1.0,"Emotional trade, panic",Emotional trading detected,Yes
2024-06-22 07:31:00,NZD/JPY,Buy,0.1,145.01294,20.0,,,No
2024-06-22 15:44:00,EUR/CAD,Buy,0.2,1.45774,-130.0,,,No
2024-06-23 00:52:00,NZD/USD,Buy,2.0,0.62918,-60.0,,,No
2024-06-23 02:42:00,EUR/CAD,Sell,0.1,1.46097,-10.0,,,No
2024-06-23 08:32:00,USD/SGD,Buy,1.0,1.35509,-180.0,,,No
2024-06-24 15:30:00,EUR/USD,Buy,0.2,1.08939,-14.0,,,No
2024-06-25 02:41:00,GBP/USD,Sell,0.5,1.27551,20.0,,,No
2024-06-25 04:36:00,EUR/USD,Buy,1.0,1.09337,-240.0,,,No
2024-06-25 08:11:00,EUR/USD,Sell,0.1,1.09087,15.0,Good risk/reward,,No
2024-06-25 18:48:00,EUR/GBP,Sell,0.1,0.86021,14.0,,,No
2024-06-26 22:19:00,GBP/AUD,Sell,0.1,1.90704,40.0,,,No
2024-06-27 02:24:00,EUR/USD,Buy,0.1,1.09752,-6.0,Good risk/reward,,No
2024-06-27 03:45:00,EUR/GBP,Sell,1.0,0.85885,190.0,,,No
2024-06-27 06:48:00,GBP/USD,Sell,2.0,1.27602,-200.0,Good risk/reward,,No
2024-06-27 09:14:00,AUD/USD,Sell,1.0,0.66916,-30.0,,,No
2024-06-27 15:09:00,AUD/USD,Buy,1.0,0.6673,-90.0,,,No
2024-06-28 02:18:00,AUD/USD,Buy,2.0,0.66798,-160.0,,,No
2024-06-28 12:27:00,GBP/NZD,Sell,1.0,2.02979,70.0,,,No
2024-06-29 14:45:00,GBP/NZD,Sell,1.0,2.03944,-300.0,,,No
2024-06-30 02:24:00,USD/MXN,Buy,2.0,17.85256,-1140.0,,,No
2024-06-30 06:43:00,GBP/NZD,Sell,2.0,2.0297,420.0,,,No
2024-06-30 17:46:00,AUD/USD,Sell,0.2,0.66774,8.0,,,No
2024-07-01 18:42:00,USD/MXN,Buy,1.0,17.80889,1320.0,,,No
2024-07-03 02:25:00,USD/JPY,Sell,0.1,145.12579,53.0,"Forced trade, no signal",Forced trade detected,Yes
2024-07-03 03:06:00,AUD/JPY,Buy,1.5,144.72258,-180.0,,,No
2024-07-03 14:21:00,EUR/NZD,Sell,0.1,1.73675,-14.0,,,No
2024-07-04 00:40:00,GBP/NZD,Sell,0.1,2.02612,36.0,News-driven entry,,No
2024-07-05 05:43:00,AUD/JPY,Sell,0.1,145.61792,-12.0,,,No
2024-07-05 12:47:00,EUR/GBP,Sell,0.2,0.85785,12.0,,,No
2024-07-06 16:07:00,EUR/AUD,Buy,0.1,1.60733,15.0,,,No
2024-07-06 23:53:00,EUR/NZD,Buy,0.1,1.74106,-40.0,,,No
2024-07-08 08:12:00,USD/MXN,Buy,0.2,17.88264,964.0,,,No
2024-07-08 13:46:00,USD/MXN,Sell,1.5,17.76728,-1545.0,,,No
2024-07-09 21:34:00,GBP/JPY,Buy,2.0,145.12435,140.0,,,No
2024-07-10 07:05:00,NZD/USD,Buy,2.0,0.63124,380.0,,,No
2024-07-11 18:15:00,AUD/USD,Sell,0.5,0.66964,-40.0,,,No
2024-07-12 05:50:00,AUD/JPY,Sell,1.0,144.4,-160.0,Followed trading plan,,No
2024-07-12 06:52:00,NZD/USD,Sell,0.2,0.62994,34.0,Good risk/reward,,No
2024-07-12 11:59:00,NZD/USD,Buy,1.0,0.62902,20.0,,,No
2024-07-13 23:06:00,AUD/JPY,Sell,2.0,144.99286,520.0,,,No
2024-07-14 10:52:00,EUR/AUD,Buy,0.5,1.62221,-460.0,,,No
2024-07-14 21:45:00,GBP/AUD,Buy,0.2,1.91598,40.0,,,No
2024-07-15 06:36:00,EUR/GBP,Sell,0.5,0.86476,-115.0,,,No
2024-07-15 12:19:00,EUR/NZD,Buy,0.5,1.74308,860.0,,,No
2024-07-16 17:32:00,GBP/NZD,Sell,2.0,2.03309,640.0,Followed trading plan,,No
2024-07-17 02:46:00,EUR/CAD,Buy,0.2,1.46512,60.0,,,No
2024-07-17 10:57:00,AUD/JPY,Buy,0.5,145.28219,-20.0,,,No
2024-07-17 11:42:00,EUR/AUD,Sell,0.1,1.61071,29.0,,,No
2024-07-18 18:10:00,USD/MXN,Sell,0.5,17.75638,490.0,,,No
2024-07-19 21:06:00,AUD/JPY,Buy,0.2,144.8289,2.0,,,No
2024-07-19 22:57:00,NZD/USD,Sell,0.1,0.63242,2.0,,,No
2024-07-20 00:31:00,USD/JPY,Buy,0.5,145.0202,-150.0,,,No
2024-07-20 07:13:00,EUR/NZD,Sell,0.1,1.7439,17.0,Good risk/reward,,No
2024-07-20 17:17:00,GBP/USD,Buy,1.5,1.27824,-90.0,,,No
2024-07-21 00:50:00,EUR/CAD,Sell,0.1,1.46096,6.0,Technical setup,,No
2024-07-21 10:13:00,USD/CHF,Buy,2.0,0.88416,-20.0,Followed trading plan,,No
2024-07-21 10:23:00,NZD/JPY,Sell,0.1,145.12137,13.0,,,No
2024-07-21 17:30:00,USD/MXN,Buy,0.2,17.80996,-238.0,Good risk/reward,,No
2024-07-23 02:57:00,EUR/NZD,Buy,0.1,1.74101,28.0,,,No
2024-07-23 14:29:00,USD/CAD,Buy,0.1,1.33587,3.0,,,No
2024-07-23 19:47:00,NZD/JPY,Buy,0.5,144.69545,130.0,,,No
2024-07-23 23:38:00,USD/SGD,Sell,0.2,1.34383,-22.0,,,No
2024-07-24 04:55:00,GBP/NZD,Buy,1.5,2.0323,720.0,,,No
2024-07-25 08:21:00,EUR/JPY,Buy,0.1,144.9714,-12.0,,,No
2024-07-25 12:03:00,GBP/USD,Sell,1.5,1.27717,-420.0,,,No
2024-07-25 22:11:00,USD/CHF,Buy,1.5,0.8742,90.0,Entered to recover loss,,No
2024-07-26 09:34:00,USD/CAD,Buy,0.2,1.33798,-40.0,,,No
2024-07-26 12:08:00,GBP/NZD,Sell,1.0,2.03431,-1070.0,,,No
2024-07-26 21:03:00,GBP/AUD,Sell,1.0,1.90266,250.0,News-driven entry,,No
2024-07-28 01:37:00,NZD/JPY,Buy,1.0,145.28284,-20.0,,,No
2024-07-28 08:07:00,USD/CAD,Sell,0.5,1.34742,-110.0,,,No
2024-07-28 10:34:00,EUR/NZD,Buy,1.5,1.73204,-270.0,,,No
2024-07-28 12:40:00,USD/CAD,Sell,2.0,1.33982,100.0,Entered to recover loss,,No
2024-07-28 22:49:00,AUD/USD,Sell,0.1,0.66952,-80.0,Good risk/reward,,No
2024-07-30 01:24:00,GBP/USD,Buy,0.2,1.2755,-4.0,,,No
2024-07-30 12:46:00,USD/CHF,Buy,1.5,0.88295,60.0,,,No
2024-07-31 23:06:00,GBP/JPY,Buy,1.5,145.19869,180.0,,,No
2024-08-01 09:15:00,USD/JPY,Buy,0.2,145.19475,28.0,,,No
2024-08-01 16:29:00,GBP/JPY,Buy,1.5,145.57818,60.0,,,No
2024-08-01 18:09:00,GBP/NZD,Buy,1.5,2.03432,-45.0,,,No
2024-08-02 03:08:00,USD/SGD,Sell,2.0,1.35583,-280.0,,,No
2024-08-02 09:43:00,GBP/AUD,Buy,0.5,1.92032,-5.0,,,No
2024-08-03 16:46:00,EUR/JPY,Buy,2.0,144.37761,-1920.0,Good risk/reward,,No
2024-08-03 20:21:00,EUR/AUD,Sell,0.2,1.61406,-32.0,,,No
2024-08-04 06:52:00,EUR/JPY,Sell,1.0,144.80591,-410.0,,,No
2024-08-04 15:12:00,EUR/JPY,Sell,2.0,144.80325,-1060.0,Followed trading plan,,No
2024-08-04 18:02:00,EUR/GBP,Buy,0.5,0.85591,50.0,Technical setup,,No
2024-08-05 18:12:00,USD/JPY,Buy,1.5,145.34182,135.0,,,No
2024-08-05 18:55:00,EUR/CAD,Sell,1.5,1.45576,-15.0,Followed trading plan,,No
2024-08-06 02:29:00,EUR/USD,Buy,1.5,1.08999,-285.0,,,No
2024-08-06 06:31:00,AUD/USD,Buy,2.0,0.67302,180.0,Revenge trade after loss,Revenge trading detected,Yes
2024-08-06 11:18:00,EUR/CAD,Sell,1.0,1.45903,10.0,,,No
2024-08-06 12:55:00,AUD/JPY,Sell,1.5,145.09065,-660.0,,,No
2024-08-06 23:20:00,NZD/USD,Sell,1.5,0.62953,-90.0,Revenge trade after loss,Revenge trading detected,Yes
2024-08-07 01:14:00,AUD/JPY,Buy,0.5,144.5643,-30.0,,,No
2024-08-08 11:07:00,EUR/JPY,Sell,1.5,145.78199,210.0,,,No
2024-08-08 22:49:00,EUR/NZD,Buy,0.5,1.73702,75.0,,,No
2024-08-09 02:49:00,EUR/AUD,Sell,1.5,1.61676,330.0,,,No
2024-08-09 09:42:00,EUR/AUD,Buy,0.2,1.61029,-32.0,,,No
2024-08-09 21:26:00,NZD/USD,Sell,0.2,0.63132,8.0,,,No
2024-08-10 01:46:00,GBP/AUD,Buy,0.1,1.91513,18.0,,,No
2024-08-10 11:05:00,GBP/USD,Sell,0.5,1.274,-50.0,,,No
2024-08-11 19:32:00,AUD/USD,Sell,1.5,0.67265,30.0,,,No
2024-08-12 20:10:00,USD/MXN,Sell,2.0,17.91082,-3700.0,Technical setup,,No
2024-08-12 20:23:00,EUR/USD,Buy,0.1,1.09568,3.0,,,No
2024-08-13 04:30:00,EUR/AUD,Sell,1.0,1.60685,-120.0,,,No
2024-08-14 09:21:00,EUR/NZD,Buy,1.5,1.73833,165.0,,,No
2024-08-15 18:54:00,USD/SGD,Sell,2.0,1.35212,-240.0,,,No
2024-08-16 05:44:00,USD/MXN,Sell,0.5,17.7987,2860.0,Followed trading plan,,No
2024-08-16 10:09:00,GBP/NZD,Buy,0.5,2.04052,65.0,,,No
2024-08-16 17:15:00,EUR/GBP,Sell,1.5,0.8601,15.0,,,No
2024-08-16 22:11:00,GBP/AUD,Sell,1.0,1.91352,-290.0,News-driven entry,,No
2024-08-17 00:44:00,AUD/USD,Sell,1.5,0.66948,-255.0,,,No
2024-08-17 06:13:00,USD/CHF,Sell,1.0,0.88105,90.0,,,No
2024-08-17 13:59:00,USD/SGD,Buy,0.1,1.34804,32.0,,,No
2024-08-17 15:25:00,NZD/USD,Buy,0.1,0.62768,-14.0,,,No
2024-08-17 22:16:00,USD/MXN,Buy,1.5,17.81199,4200.0,,,No
2024-08-18 02:34:00,USD/CHF,Sell,0.2,0.88445,-12.0,,,No
2024-08-19 10:46:00,EUR/NZD,Sell,0.2,1.74563,-2.0,,,No
2024-08-19 21:37:00,NZD/JPY,Sell,2.0,144.92491,380.0,,,No
2024-08-19 23:13:00,EUR/NZD,Sell,0.5,1.74341,-205.0,"Forced trade, no signal",Forced trade detected,Yes
2024-08-20 01:37:00,GBP/AUD,Sell,0.1,1.91846,40.0,,,No
2024-08-20 06:41:00,USD/CAD,Buy,0.2,1.33749,16.0,,,No
2024-08-20 17:47:00,EUR/CAD,Sell,0.1,1.46216,6.0,,,No
2024-08-22 05:42:00,EUR/JPY,Sell,1.5,144.76062,-225.0,,,No
2024-08-22 10:43:00,EUR/GBP,Sell,0.5,0.85993,75.0,,,No
2024-08-23 11:10:00,AUD/USD,Buy,0.2,0.67109,-8.0,,,No
2024-08-23 19:40:00,NZD/USD,Sell,1.0,0.63146,-270.0,,,No
2024-08-23 22:14:00,GBP/USD,Sell,0.1,1.27438,-33.0,,,No
2024-08-23 22:31:00,EUR/GBP,Buy,1.0,0.85906,-140.0,,,No
2024-08-24 00:12:00,USD/MXN,Buy,2.0,17.73086,6180.0,,,No
2024-08-24 09:39:00,USD/MXN,Buy,2.0,17.77502,1840.0,,,No
2024-08-25 13:45:00,USD/SGD,Sell,0.5,1.34981,100.0,,,No
2024-08-26 01:37:00,GBP/NZD,Buy,0.1,2.02219,30.0,,,No
2024-08-26 12:22:00,GBP/USD,Buy,0.2,1.26812,-60.0,Followed trading plan,,No
2024-08-26 21:58:00,GBP/AUD,Sell,0.1,1.90755,43.0,Good risk/reward,,No
2024-08-27 05:31:00,AUD/JPY,Sell,1.0,145.36985,-80.0,,,No
2024-08-27 10:17:00,AUD/JPY,Buy,0.2,144.84807,-14.0,,,No
2024-08-27 21:15:00,USD/MXN,Sell,0.1,17.9109,103.0,,,No
2024-08-27 22:24:00,AUD/JPY,Sell,2.0,145.18707,440.0,,,No
2024-08-28 09:25:00,EUR/AUD,Buy,2.0,1.61115,-120.0,Good risk/reward,,No
2024-08-28 17:47:00,NZD/USD,Buy,2.0,0.62963,-60.0,,,No
2024-08-28 22:14:00,GBP/USD,Sell,2.0,1.27277,20.0,,,No
2024-08-28 23:40:00,EUR/NZD,Buy,2.0,1.74382,-40.0,,,No
2024-08-29 10:16:00,EUR/JPY,Buy,0.5,145.03421,-215.0,,,No
2024-08-29 14:17:00,AUD/JPY,Sell,1.5,145.3986,120.0,,,No
2024-08-29 16:10:00,NZD/JPY,Sell,2.0,145.43413,-1260.0,,,No
2024-08-29 23:06:00,USD/MXN,Sell,1.5,17.91152,-570.0,,,No
2024-09-01 04:43:00,GBP/AUD,Sell,1.0,1.91635,-300.0,,,No
2024-09-01 14:11:00,EUR/JPY,Sell,1.0,145.26656,-230.0,Overtrading mistake,Overtrading detected,Yes
2024-09-03 00:26:00,EUR/USD,Buy,0.5,1.08796,155.0,Revenge trade after loss,Revenge trading detected,Yes
2024-09-03 05:53:00,EUR/USD,Sell,1.5,1.08938,60.0,,,No
2024-09-03 12:02:00,GBP/JPY,Buy,1.5,145.37848,165.0,,,No
2024-09-03 21:49:00,NZD/USD,Buy,1.0,0.63028,40.0,,,No
2024-09-03 23:31:00,USD/CHF,Buy,1.5,0.88635,-15.0,,,No
2024-09-04 07:00:00,USD/SGD,Buy,0.2,1.35081,42.0,,,No
2024-09-04 17:52:00,EUR/CAD,Buy,0.1,1.46484,26.0,,,No
2024-09-04 20:33:00,GBP/USD,Sell,1.5,1.27243,-330.0,,,No
2024-09-04 23:09:00,GBP/JPY,Sell,1.5,145.71054,-375.0,,,No
2024-09-05 11:08:00,GBP/JPY,Buy,0.2,145.13165,-32.0,,,No
2024-09-05 15:25:00,USD/CAD,Buy,1.0,1.33974,70.0,Technical setup,,No
2024-09-05 21:26:00,NZD/USD,Sell,2.0,0.63061,80.0,"Emotional trade, panic",Emotional trading detected,Yes
2024-09-06 03:29:00,EUR/NZD,Buy,0.2,1.74842,24.0,,,No
2024-09-07 05:29:00,GBP/USD,Buy,0.2,1.26907,36.0,Good risk/reward,,No
2024-09-07 13:36:00,EUR/USD,Sell,1.5,1.09389,-300.0,,,No
2024-09-08 00:18:00,GBP/JPY,Buy,2.0,145.25987,300.0,,,No
2024-09-08 05:00:00,GBP/USD,Sell,0.1,1.26887,26.0,,,No
2024-09-09 11:13:00,EUR/GBP,Buy,2.0,0.85961,40.0,,,No
2024-09-09 16:41:00,GBP/NZD,Buy,1.5,2.02895,0.0,,,No
2024-09-10 01:48:00,USD/CHF,Sell,2.0,0.87711,-380.0,,,No
2024-09-10 05:54:00,USD/MXN,Sell,2.0,17.88515,-4540.0,,,No
2024-09-11 10:45:00,USD/CAD,Buy,1.0,1.33601,-430.0,,,No
2024-09-11 21:30:00,USD/CAD,Sell,0.2,1.33743,-52.0,,,No
2024-09-12 08:43:00,GBP/JPY,Buy,0.5,145.71428,110.0,,,No
2024-09-12 11:16:00,NZD/JPY,Buy,1.5,144.70065,735.0,,,No
2024-09-13 13:50:00,EUR/USD,Sell,1.0,1.09321,-50.0,,,No
2024-09-13 18:35:00,GBP/JPY,Buy,0.2,143.91276,98.0,"Emotional trade, panic",Emotional trading detected,Yes
2024-09-14 05:07:00,USD/CAD,Buy,0.1,1.33441,-33.0,,,No
2024-09-14 15:31:00,GBP/NZD,Sell,1.0,2.03623,740.0,,,No
2024-09-14 15:51:00,EUR/JPY,Sell,2.0,145.60216,240.0,,,No
2024-09-16 02:27:00,GBP/NZD,Sell,0.2,2.03362,52.0,,,No
2024-09-17 07:52:00,EUR/CAD,Buy,1.0,1.46332,60.0,,,No
2024-09-17 17:07:00,EUR/CAD,Buy,1.5,1.46046,-15.0,,,No
2024-09-17 22:23:00,USD/CHF,Sell,0.5,0.87801,-20.0,,,No
2024-09-18 09:29:00,EUR/NZD,Buy,0.1,1.73116,-3.0,,,No
2024-09-18 16:16:00,USD/SGD,Sell,0.2,1.346,-44.0,,,No
2024-09-19 17:53:00,EUR/JPY,Sell,2.0,145.07825,600.0,Good risk/reward,,No
2024-09-20 04:47:00,GBP/AUD,Buy,1.0,1.91526,-450.0,,,No
2024-09-20 05:36:00,AUD/USD,Sell,2.0,0.66801,180.0,,,No
2024-09-20 10:56:00,USD/CHF,Sell,0.2,0.87741,-6.0,,,No
2024-09-20 15:20:00,EUR/USD,Sell,1.0,1.0918,-160.0,"Forced trade, no signal",Forced trade detected,Yes
2024-09-21 19:28:00,NZD/USD,Sell,1.0,0.6302,-130.0,,,No
2024-09-22 06:07:00,AUD/JPY,Buy,0.2,144.73841,-448.0,Good risk/reward,,No
2024-09-22 16:29:00,USD/CHF,Sell,0.1,0.88116,0.0,Revenge trade after loss,Revenge trading detected,Yes
2024-09-22 21:25:00,NZD/JPY,Buy,2.0,145.24033,100.0,News-driven entry,,No
2024-09-23 03:58:00,USD/JPY,Sell,0.1,145.5934,3.0,,,No
2024-09-23 13:02:00,USD/SGD,Buy,1.5,1.34826,45.0,,,No
2024-09-23 14:36:00,GBP/NZD,Sell,0.5,2.03331,5.0,,,No
2024-09-25 01:10:00,NZD/JPY,Sell,2.0,145.01766,-300.0,,,No
2024-09-25 06:12:00,NZD/USD,Buy,1.0,0.62875,-130.0,,,No
2024-09-27 13:20:00,GBP/USD,Sell,2.0,1.27667,-480.0,,,No
2024-09-27 14:34:00,USD/CHF,Sell,0.5,0.87817,-50.0,,,No
2024-09-27 15:08:00,AUD/USD,Buy,0.5,0.6718,-15.0,,,No
2024-09-27 17:32:00,GBP/NZD,Buy,1.5,2.0376,-315.0,,,No
2024-09-28 18:34:00,USD/MXN,Sell,2.0,17.8149,-4460.0,,,No
2024-09-29 00:41:00,USD/JPY,Buy,0.1,145.93314,-26.0,,,No
2024-09-29 03:57:00,EUR/GBP,Sell,0.5,0.8608,40.0,Followed trading plan,,No
2024-09-29 09:11:00,NZD/USD,Sell,0.5,0.63078,-10.0,,,No
2024-09-29 09:41:00,GBP/NZD,Buy,1.0,2.02921,10.0,,,No
2024-09-29 11:26:00,USD/MXN,Buy,0.1,17.79215,257.0,,,No
2024-09-29 12:16:00,USD/JPY,Sell,0.1,145.96158,-12.0,,,No
2024-09-29 17:40:00,NZD/USD,Sell,0.5,0.62741,-5.0,,,No
2024-09-29 20:17:00,AUD/USD,Sell,1.5,0.67519,-120.0,,,No
2024-09-30 00:59:00,GBP/JPY,Sell,0.2,145.71302,74.0,,,No
2024-09-30 03:17:00,EUR/USD,Sell,0.1,1.08819,9.0,,,No
2024-09-30 13:32:00,NZD/JPY,Sell,0.5,145.70835,-40.0,,,No
2024-10-01 14:57:00,EUR/NZD,Buy,2.0,1.73894,-300.0,,,No
2024-10-01 22:58:00,GBP/NZD,Buy,0.2,2.02382,-40.0,,,No
2024-10-02 10:24:00,EUR/AUD,Sell,0.1,1.60409,1.0,,,No
2024-10-03 15:18:00,GBP/AUD,Buy,1.0,1.90559,70.0,,,No
2024-10-03 20:32:00,AUD/JPY,Sell,1.0,144.32319,70.0,,,No
2024-10-03 21:44:00,EUR/AUD,Buy,1.5,1.61403,-720.0,,,No
2024-10-04 09:39:00,USD/CAD,Buy,0.1,1.3415,25.0,Technical setup,,No
2024-10-04 11:23:00,EUR/NZD,Buy,1.0,1.73369,440.0,,,No
2024-10-04 17:56:00,EUR/AUD,Sell,0.1,1.61202,-17.0,,,No
2024-10-06 04:52:00,EUR/USD,Buy,1.0,1.08982,90.0,,,No
2024-10-06 16:34:00,EUR/AUD,Sell,2.0,1.61037,260.0,,,No
2024-10-07 22:31:00,USD/JPY,Buy,1.5,144.59951,60.0,,,No
2024-10-08 07:58:00,GBP/USD,Buy,0.5,1.26461,-10.0,Technical setup,,No
2024-10-08 14:46:00,EUR/AUD,Sell,1.0,1.60563,-180.0,,,No
2024-10-08 21:24:00,GBP/AUD,Sell,2.0,1.91708,620.0,"Forced trade, no signal",Forced trade detected,Yes
2024-10-08 23:56:00,GBP/NZD,Sell,0.2,2.03371,-66.0,"Chased breakout, FOMO",FOMO trade detected,Yes
2024-10-10 11:53:00,USD/SGD,Buy,1.0,1.34872,250.0,,,No
2024-10-10 22:17:00,EUR/USD,Sell,0.2,1.09046,76.0,,,No
2024-10-10 22:56:00,GBP/USD,Sell,0.1,1.2715,4.0,News-driven entry,,No
2024-10-11 00:21:00,USD/MXN,Buy,2.0,17.78349,720.0,News-driven entry,,No
2024-10-11 06:17:00,AUD/JPY,Buy,1.5,144.93368,225.0,,,No
2024-10-12 11:23:00,USD/CHF,Buy,1.5,0.88253,-1920.0,,,No
2024-10-12 19:32:00,NZD/JPY,Buy,2.0,144.20125,220.0,,,No
2024-10-13 04:14:00,USD/JPY,Sell,1.5,144.52004,-705.0,Good risk/reward,,No
2024-10-13 14:24:00,GBP/JPY,Sell,0.2,145.16903,108.0,,,No
2024-10-14 20:20:00,USD/JPY,Buy,0.2,144.99736,36.0,,,No
2024-10-15 07:41:00,EUR/NZD,Buy,2.0,1.74043,-60.0,,,No
2024-10-16 08:39:00,AUD/USD,Sell,0.5,0.67185,-15.0,,,No
2024-10-16 20:23:00,EUR/CAD,Sell,1.5,1.46117,105.0,"Forced trade, no signal",Forced trade detected,Yes
2024-10-18 04:07:00,EUR/CAD,Sell,2.0,1.45707,440.0,,,No
2024-10-18 11:34:00,EUR/JPY,Sell,0.1,144.92389,-16.0,,,No
2024-10-18 15:46:00,NZD/JPY,Buy,2.0,145.23338,-400.0,,,No
2024-10-18 17:00:00,EUR/USD,Sell,0.1,1.09009,0.0,,,No
2024-10-19 03:39:00,USD/JPY,Buy,2.0,145.47236,200.0,,,No
2024-10-19 05:46:00,USD/JPY,Buy,2.0,144.98911,360.0,,,No
2024-10-19 10:10:00,USD/CHF,Sell,0.1,0.88367,7.0,,,No
2024-10-19 21:38:00,EUR/AUD,Sell,0.1,1.61005,-32.0,,,No
2024-10-22 02:07:00,EUR/JPY,Buy,1.0,144.53668,-70.0,,,No
2024-10-22 04:03:00,GBP/JPY,Sell,2.0,144.73486,-80.0,,,No
2024-10-22 05:20:00,NZD/JPY,Sell,0.1,145.02464,12.0,,,No
2024-10-23 16:45:00,EUR/CAD,Sell,0.5,1.45969,55.0,,,No
2024-10-25 01:12:00,GBP/NZD,Sell,2.0,2.03039,-1200.0,,,No
2024-10-25 13:02:00,GBP/NZD,Buy,0.5,2.02428,-20.0,,,No
2024-10-25 19:21:00,AUD/JPY,Sell,1.0,144.47378,130.0,,,No
2024-10-26 01:59:00,NZD/USD,Sell,0.1,0.63289,12.0,Technical setup,,No
2024-10-26 04:27:00,GBP/USD,Buy,1.5,1.26919,705.0,,,No
2024-10-26 13:03:00,AUD/JPY,Sell,0.1,144.85337,-13.0,FOMO trade,FOMO trade detected,Yes
2024-10-26 13:51:00,EUR/CAD,Buy,2.0,1.45868,-180.0,,,No
2024-10-27 16:28:00,NZD/JPY,Buy,0.1,145.07413,3.0,Good risk/reward,,No
2024-10-28 03:37:00,GBP/JPY,Buy,0.1,145.00133,10.0,Followed trading plan,,No
2024-10-29 04:47:00,EUR/GBP,Buy,1.5,0.86307,180.0,,,No
2024-10-30 16:26:00,EUR/CAD,Sell,2.0,1.4535,-1120.0,,,No
2024-10-30 17:17:00,NZD/JPY,Buy,0.1,145.40643,-30.0,,,No
2024-10-30 21:31:00,NZD/JPY,Buy,2.0,144.90223,-500.0,Technical setup,,No
2024-10-30 21:43:00,AUD/USD,Buy,1.5,0.66638,75.0,,,No
2024-10-31 01:19:00,GBP/JPY,Sell,1.0,145.33023,-130.0,,,No
2024-10-31 09:55:00,USD/JPY,Sell,0.1,143.8729,-12.0,,,No
2024-11-01 20:33:00,GBP/AUD,Buy,2.0,1.91225,-840.0,,,No
2024-11-02 08:19:00,GBP/NZD,Sell,2.0,2.03112,0.0,,,No
2024-11-02 18:55:00,EUR/NZD,Buy,0.1,1.74302,3.0,,,No
2024-11-02 20:58:00,USD/JPY,Buy,1.5,144.57672,390.0,,,No
2024-11-04 00:58:00,EUR/GBP,Sell,0.2,0.85959,0.0,,,No
2024-11-04 09:05:00,NZD/JPY,Sell,1.0,144.59403,-100.0,,,No
2024-11-04 11:29:00,EUR/NZD,Buy,0.5,1.73538,-20.0,,,No
2024-11-04 13:53:00,EUR/GBP,Sell,0.2,0.86442,-36.0,,,No
2024-11-05 00:51:00,AUD/USD,Buy,1.5,0.66676,225.0,,,No
2024-11-06 05:41:00,EUR/USD,Sell,0.2,1.08932,-22.0,,,No
2024-11-07 08:18:00,NZD/JPY,Buy,0.1,145.45236,-13.0,,,No
2024-11-07 17:26:00,EUR/CAD,Sell,2.0,1.468,300.0,,,No
2024-11-07 17:43:00,USD/SGD,Buy,0.5,1.34802,220.0,News-driven entry,,No
2024-11-08 01:38:00,NZD/JPY,Buy,1.0,144.73651,160.0,,,No
2024-11-08 08:02:00,EUR/NZD,Buy,0.1,1.74156,34.0,,,No
2024-11-08 12:43:00,AUD/JPY,Buy,0.1,145.67926,1.0,,,No
2024-11-09 00:18:00,GBP/AUD,Buy,0.5,1.90568,65.0,,,No
2024-11-09 01:31:00,AUD/JPY,Buy,0.5,144.70519,220.0,,,No
2024-11-10 11:30:00,NZD/USD,Buy,0.5,0.63026,-20.0,News-driven entry,,No
2024-11-10 19:52:00,USD/MXN,Buy,1.5,17.80986,-5400.0,,,No
2024-11-11 07:26:00,USD/JPY,Buy,1.0,144.57735,260.0,Entered to recover loss,,No
2024-11-12 12:26:00,USD/JPY,Buy,0.1,144.71425,-23.0,,,No
2024-11-12 23:13:00,EUR/USD,Sell,2.0,1.09175,380.0,,,No
2024-11-13 10:18:00,EUR/USD,Sell,0.1,1.09235,16.0,,,No
2024-11-13 17:24:00,NZD/JPY,Sell,0.5,144.67079,-155.0,,,No
2024-11-14 01:17:00,USD/CHF,Buy,0.5,0.88396,-20.0,,,No
2024-11-15 02:10:00,GBP/JPY,Sell,0.2,144.89089,58.0,,,No
2024-11-15 05:14:00,GBP/JPY,Buy,0.1,145.24196,10.0,,,No
2024-11-15 08:49:00,AUD/JPY,Buy,0.5,145.94178,-70.0,,,No
2024-11-15 10:58:00,EUR/USD,Sell,0.2,1.09303,2.0,,,No
2024-11-16 20:22:00,USD/MXN,Sell,0.5,17.81434,2040.0,,,No
2024-11-18 06:14:00,GBP/JPY,Sell,0.1,145.22091,12.0,,,No
2024-11-18 13:10:00,USD/CAD,Sell,0.5,1.34431,-35.0,,,No
2024-11-18 17:59:00,NZD/USD,Buy,1.0,0.62841,-100.0,,,No
2024-11-19 02:26:00,EUR/AUD,Buy,0.5,1.6005,245.0,,,No
2024-11-19 02:43:00,USD/CHF,Sell,1.0,0.87709,-30.0,,,No
2024-11-19 09:53:00,EUR/NZD,Sell,2.0,1.73856,160.0,,,No
2024-11-19 19:59:00,USD/JPY,Buy,1.0,145.35485,190.0,,,No
2024-11-21 06:08:00,EUR/CAD,Buy,2.0,1.45745,760.0,,,No
2024-11-21 08:33:00,NZD/USD,Buy,0.5,0.62953,75.0,,,No
2024-11-21 18:10:00,EUR/NZD,Buy,0.1,1.74256,135.0,,,No
2024-11-21 20:22:00,USD/CHF,Sell,2.0,0.8831,40.0,,,No
2024-11-21 21:35:00,GBP/AUD,Sell,0.5,1.90257,55.0,,,No
2024-11-22 06:24:00,NZD/JPY,Buy,0.2,144.71666,-22.0,,,No
2024-11-22 12:34:00,AUD/USD,Buy,1.0,0.67118,120.0,News-driven entry,,No
2024-11-22 13:57:00,USD/MXN,Buy,0.2,17.80114,166.0,,,No
2024-11-22 19:25:00,USD/CHF,Sell,2.0,0.88449,60.0,,,No
2024-11-22 21:50:00,USD/MXN,Sell,1.0,17.93893,1520.0,,,No
2024-11-23 06:30:00,USD/CAD,Buy,1.5,1.33292,225.0,,,No
2024-11-23 08:31:00,USD/SGD,Sell,0.1,1.35154,26.0,,,No
2024-11-23 14:47:00,GBP/JPY,Sell,1.5,145.29283,-45.0,,,No
2024-11-23 16:53:00,USD/CAD,Buy,0.2,1.33508,-8.0,,,No
2024-11-25 00:13:00,EUR/GBP,Buy,1.0,0.85781,430.0,Good risk/reward,,No
2024-11-25 04:37:00,GBP/USD,Buy,0.1,1.27636,8.0,,,No
2024-11-25 08:06:00,AUD/USD,Sell,0.2,0.6676,168.0,,,No
2024-11-25 10:55:00,USD/MXN,Buy,0.1,17.76744,-36.0,Followed trading plan,,No
2024-11-25 15:48:00,AUD/USD,Buy,0.1,0.67003,-8.0,,,No
2024-11-26 03:47:00,NZD/JPY,Buy,0.1,145.282,-3.0,,,No
2024-11-26 07:45:00,USD/SGD,Buy,0.5,1.3517,-90.0,News-driven entry,,No
2024-11-26 17:20:00,GBP/USD,Buy,0.1,1.26833,14.0,,,No
2024-11-27 00:59:00,USD/CAD,Sell,1.0,1.3385,350.0,,,No
2024-11-27 12:39:00,GBP/AUD,Buy,2.0,1.90771,3680.0,,,No
2024-11-27 14:11:00,EUR/GBP,Buy,2.0,0.85634,-460.0,,,No
2024-11-27 17:39:00,EUR/AUD,Buy,1.0,1.60263,300.0,Entered to recover loss,,No
2024-11-27 22:29:00,NZD/JPY,Sell,2.0,144.75994,1120.0,,,No
2024-11-29 06:50:00,USD/MXN,Sell,1.0,17.76987,490.0,"Chased breakout, FOMO",FOMO trade detected,Yes
2024-11-29 10:51:00,GBP/JPY,Buy,0.1,145.67082,44.0,Followed trading plan,,No
2024-11-29 22:31:00,EUR/AUD,Buy,1.5,1.61996,435.0,,,No
2024-11-30 06:33:00,NZD/USD,Sell,1.0,0.63194,60.0,,,No
2024-11-30 06:56:00,GBP/USD,Sell,0.1,1.27297,-10.0,,,No
2024-11-30 07:34:00,AUD/USD,Sell,0.2,0.66836,0.0,,,No
2024-11-30 09:31:00,NZD/JPY,Sell,2.0,144.92597,-200.0,,,No
2024-11-30 10:33:00,EUR/CAD,Sell,1.0,1.46305,210.0,,,No
2024-11-30 11:06:00,NZD/JPY,Buy,0.5,145.03846,160.0,News-driven entry,,No
2024-11-30 18:29:00,GBP/AUD,Sell,0.1,1.90346,-5.0,,,No
2024-12-01 06:18:00,USD/JPY,Sell,0.2,144.68818,-82.0,"Emotional trade, panic",Emotional trading detected,Yes
2024-12-01 17:36:00,USD/SGD,Sell,2.0,1.34967,-40.0,,,No
2024-12-01 23:11:00,NZD/JPY,Buy,0.1,145.65835,14.0,,,No
2024-12-03 10:39:00,EUR/AUD,Buy,0.5,1.60505,225.0,,,No
2024-12-04 12:01:00,AUD/JPY,Buy,0.1,145.53115,13.0,,,No
2024-12-04 13:40:00,NZD/JPY,Buy,0.5,144.90148,-105.0,,,No
2024-12-04 15:03:00,USD/CHF,Sell,1.5,0.87902,210.0,,,No
2024-12-05 02:35:00,AUD/JPY,Buy,2.0,145.8198,680.0,,,No
2024-12-05 10:38:00,EUR/JPY,Sell,2.0,144.78735,-480.0,Followed trading plan,,No
2024-12-05 15:50:00,USD/SGD,Sell,0.1,1.35057,-36.0,,,No
2024-12-06 03:38:00,USD/CAD,Sell,0.2,1.3413,-6.0,,,No
2024-12-06 13:16:00,USD/SGD,Sell,0.1,1.34811,-32.0,News-driven entry,,No
2024-12-06 16:21:00,GBP/USD,Sell,0.1,1.27196,-10.0,,,No
2024-12-07 23:22:00,GBP/AUD,Buy,2.0,1.9033,-1640.0,,,No
2024-12-08 01:30:00,USD/MXN,Sell,0.1,17.79853,473.0,,,No
2024-12-08 08:14:00,USD/CAD,Sell,0.1,1.34668,-9.0,,,No
2024-12-08 18:22:00,GBP/USD,Sell,2.0,1.26771,180.0,,,No
2024-12-08 23:11:00,GBP/JPY,Sell,0.5,144.5657,35.0,,,No
2024-12-09 10:34:00,GBP/USD,Buy,1.0,1.27292,230.0,,,No
2024-12-10 12:43:00,AUD/JPY,Buy,1.0,144.95643,-40.0,"Emotional trade, panic",Emotional trading detected,Yes
2024-12-11 17:09:00,USD/CHF,Buy,0.2,0.87768,-22.0,,,No
2024-12-11 22:38:00,USD/SGD,Buy,0.1,1.34908,7.0,,,No
2024-12-12 04:23:00,USD/SGD,Buy,2.0,1.3537,-320.0,,,No
2024-12-12 13:48:00,EUR/AUD,Sell,0.1,1.61721,-7.0,,,No
2024-12-12 17:17:00,USD/CHF,Sell,0.1,0.87994,-10.0,,,No
2024-12-13 19:35:00,USD/SGD,Sell,2.0,1.34018,360.0,,,No
2024-12-14 00:28:00,NZD/USD,Buy,0.2,0.63139,-6.0,,,No
2024-12-14 00:54:00,EUR/USD,Buy,1.0,1.09022,80.0,,,No
2024-12-14 08:18:00,EUR/JPY,Buy,0.5,144.32029,-55.0,Technical setup,,No
2024-12-14 16:07:00,GBP/NZD,Buy,0.2,2.03484,-76.0,,,No
2024-12-15 00:38:00,EUR/CAD,Buy,0.2,1.46129,-60.0,,,No
2024-12-15 07:51:00,AUD/USD,Sell,0.1,0.67094,0.0,,,No
2024-12-16 14:14:00,NZD/JPY,Sell,1.0,144.29742,250.0,,,No
2024-12-16 20:51:00,USD/SGD,Sell,1.5,1.34702,-240.0,,,No
2024-12-18 07:16:00,GBP/USD,Buy,1.5,1.27076,330.0,Good risk/reward,,No
2024-12-18 11:47:00,AUD/USD,Sell,1.0,0.66796,10.0,,,No
2024-12-18 13:51:00,EUR/AUD,Buy,1.0,1.61207,170.0,,,No
2024-12-19 18:45:00,EUR/JPY,Sell,1.0,145.07675,-80.0,,,No
2024-12-19 21:24:00,AUD/JPY,Sell,0.2,144.64,4.0,,,No
2024-12-20 05:27:00,USD/SGD,Buy,1.0,1.34566,-590.0,,,No
2024-12-20 13:56:00,EUR/GBP,Buy,0.1,0.86113,12.0,,,No
2024-12-21 23:37:00,NZD/JPY,Buy,0.1,143.97212,-22.0,,,No
2024-12-22 08:12:00,EUR/GBP,Sell,2.0,0.8616,560.0,,,No
2024-12-23 10:05:00,EUR/AUD,Buy,1.0,1.60648,2170.0,,,No
2024-12-23 10:15:00,EUR/AUD,Buy,1.0,1.60688,-190.0,,,No
2024-12-23 13:56:00,GBP/USD,Sell,0.1,1.26816,-18.0,,,No
2024-12-23 18:22:00,AUD/USD,Buy,1.0,0.67025,160.0,,,No
2024-12-23 23:18:00,GBP/JPY,Buy,1.0,145.14054,-50.0,,,No
2024-12-24 05:30:00,EUR/GBP,Sell,1.0,0.85925,-200.0,,,No
2024-12-24 07:07:00,USD/SGD,Sell,1.0,1.35358,-20.0,,,No
2024-12-25 18:44:00,USD/CAD,Buy,1.5,1.33927,960.0,,,No
2024-12-26 02:58:00,USD/CHF,Buy,2.0,0.88079,-200.0,,,No
2024-12-26 04:21:00,GBP/USD,Buy,1.0,1.26838,220.0,,,No
2024-12-26 08:46:00,NZD/JPY,Buy,0.1,145.04927,-31.0,,,No
2024-12-26 15:33:00,GBP/USD,Buy,2.0,1.2735,-260.0,,,No
2024-12-27 02:16:00,EUR/JPY,Sell,0.2,145.81488,48.0,,,No
2024-12-27 09:45:00,AUD/JPY,Buy,0.1,144.80541,38.0,"Emotional trade, panic",Emotional trading detected,Yes
2024-12-27 16:44:00,GBP/NZD,Sell,1.5,2.03519,225.0,,,No
2024-12-27 21:58:00,USD/JPY,Buy,0.2,144.63183,-28.0,"Forced trade, no signal",Forced trade detected,Yes
2024-12-28 22:30:00,NZD/USD,Sell,2.0,0.63195,-60.0,,,No
2024-12-29 00:03:00,USD/CHF,Sell,1.0,0.87893,-130.0,Overtrading mistake,Overtrading detected,Yes
2024-12-30 07:43:00,GBP/NZD,Sell,1.0,2.03258,-1540.0,,,No
2024-12-31 08:40:00,EUR/AUD,Buy,2.0,1.61012,680.0,,,No
2024-12-31 13:42:00,GBP/USD,Sell,1.5,1.2697,135.0,,,No
2024-12-31 14:49:00,USD/MXN,Buy,0.5,17.74327,570.0,,,No
2025-01-01 16:53:00,GBP/NZD,Sell,1.0,2.02886,300.0,"Chased breakout, FOMO",FOMO trade detected,Yes
2025-01-02 00:58:00,GBP/AUD,Sell,0.2,1.9168,148.0,,,No
2025-01-03 12:15:00,EUR/NZD,Buy,2.0,1.74303,180.0,,,No
2025-01-03 18:28:00,GBP/NZD,Buy,0.5,2.03118,-55.0,,,No
2025-01-03 21:13:00,GBP/NZD,Buy,1.0,2.03206,-90.0,Good risk/reward,,No
2025-01-04 01:45:00,GBP/AUD,Buy,1.5,1.91097,570.0,,,No
2025-01-04 03:53:00,AUD/JPY,Buy,0.5,144.56215,125.0,,,No
2025-01-05 15:44:00,USD/MXN,Buy,1.0,17.87033,-320.0,,,No
2025-01-07 02:14:00,EUR/GBP,Buy,0.2,0.85453,-16.0,,,No
2025-01-07 09:51:00,USD/MXN,Sell,0.1,17.86926,-6.0,,,No
2025-01-07 13:22:00,EUR/NZD,Sell,0.1,1.73478,-13.0,,,No
2025-01-07 14:54:00,EUR/JPY,Sell,1.0,145.36567,120.0,,,No
2025-01-07 22:10:00,USD/CAD,Buy,1.0,1.33904,-70.0,,,No
2025-01-08 09:53:00,GBP/AUD,Buy,0.1,1.90776,-26.0,News-driven entry,,No
2025-01-08 12:46:00,USD/SGD,Buy,0.1,1.35654,-7.0,,,No
2025-01-08 23:37:00,USD/MXN,Sell,2.0,17.865,8160.0,,,No
2025-01-09 05:34:00,EUR/USD,Sell,1.5,1.09326,-105.0,,,No
2025-01-09 16:12:00,EUR/NZD,Sell,2.0,1.74211,-20.0,,,No
2025-01-09 21:59:00,EUR/CAD,Buy,1.5,1.45604,105.0,,,No
2025-01-10 08:54:00,AUD/USD,Buy,1.5,0.66763,-285.0,,,No
2025-01-10 17:36:00,EUR/GBP,Buy,0.5,0.86052,20.0,,,No
2025-01-10 22:46:00,NZD/JPY,Buy,0.2,144.88738,26.0,,,No
2025-01-12 09:33:00,AUD/JPY,Buy,0.5,144.79342,95.0,,,No
2025-01-12 16:04:00,USD/MXN,Buy,1.5,17.72812,510.0,,,No
2025-01-12 23:24:00,USD/SGD,Buy,1.0,1.35785,-200.0,,,No
2025-01-13 09:31:00,AUD/JPY,Sell,1.5,144.70518,165.0,,,No
2025-01-14 17:57:00,USD/SGD,Buy,0.2,1.35073,14.0,,,No
2025-01-15 03:03:00,EUR/GBP,Buy,0.1,0.86126,8.0,,,No
2025-01-16 13:24:00,USD/SGD,Buy,1.5,1.35449,120.0,News-driven entry,,No
2025-01-18 18:39:00,USD/CHF,Sell,0.2,0.87936,352.0,News-driven entry,,No
2025-01-19 22:24:00,AUD/USD,Sell,1.5,0.66973,960.0,,,No
2025-01-20 08:08:00,EUR/NZD,Sell,1.0,1.73937,-570.0,Technical setup,,No
2025-01-20 19:36:00,EUR/NZD,Buy,0.5,1.74442,-70.0,Entered to recover loss,Revenge trading detected,Yes
2025-01-21 02:25:00,EUR/AUD,Buy,1.0,1.60956,80.0,,,No
2025-01-21 12:15:00,USD/CHF,Buy,0.1,0.8805,9.0,,,No
2025-01-21 22:03:00,USD/MXN,Buy,1.5,17.77675,2055.0,,,No
2025-01-21 22:27:00,EUR/JPY,Buy,2.0,144.8871,320.0,,,No
2025-01-22 08:35:00,GBP/USD,Sell,0.1,1.27234,-18.0,News-driven entry,,No
2025-01-22 10:13:00,EUR/GBP,Buy,0.5,0.8628,-35.0,News-driven entry,,No
2025-01-23 21:52:00,AUD/USD,Buy,0.5,0.67162,20.0,,,No
2025-01-24 00:22:00,USD/SGD,Sell,0.1,1.35744,-5.0,,,No
2025-01-24 09:07:00,USD/MXN,Sell,0.5,17.78135,-25.0,,,No
2025-01-24 16:09:00,USD/CAD,Buy,1.5,1.33878,240.0,,,No
2025-01-24 21:25:00,NZD/JPY,Sell,2.0,144.2969,-460.0,Followed trading plan,,No
2025-01-25 06:40:00,USD/SGD,Sell,1.0,1.34568,2490.0,,,No
2025-01-25 14:58:00,EUR/JPY,Sell,1.0,144.95456,-40.0,,,No
2025-01-25 17:48:00,AUD/JPY,Buy,1.0,145.03047,250.0,,,No
2025-01-28 01:15:00,NZD/USD,Sell,0.5,0.62825,10.0,,,No
2025-01-28 12:38:00,EUR/AUD,Sell,1.5,1.61471,180.0,Good risk/reward,,No
2025-01-28 12:47:00,EUR/USD,Buy,2.0,1.09062,320.0,,,No
2025-01-28 23:56:00,USD/JPY,Buy,2.0,143.82409,300.0,,,No
2025-01-29 10:16:00,GBP/AUD,Sell,2.0,1.90625,-1040.0,,,No
2025-01-29 10:30:00,USD/CAD,Buy,2.0,1.34206,560.0,,,No
2025-01-29 14:21:00,USD/CAD,Sell,0.1,1.33945,19.0,,,No
2025-01-30 01:19:00,EUR/CAD,Buy,1.5,1.46706,435.0,,,No
2025-01-30 12:52:00,NZD/JPY,Buy,0.2,145.71338,32.0,,,No
2025-01-31 21:52:00,EUR/JPY,Buy,0.1,145.03281,-35.0,,,No
2025-02-01 07:30:00,EUR/NZD,Buy,2.0,1.73872,-440.0,,,No
2025-02-01 14:31:00,EUR/JPY,Buy,1.0,145.94436,-40.0,,,No
2025-02-01 21:46:00,AUD/JPY,Sell,1.0,145.05359,120.0,,,No
2025-02-02 01:42:00,USD/SGD,Buy,0.2,1.35018,68.0,,,No
2025-02-02 09:58:00,USD/SGD,Buy,2.0,1.34748,80.0,,,No
2025-02-02 15:51:00,GBP/USD,Sell,0.2,1.26717,-50.0,,,No
2025-02-03 02:36:00,EUR/NZD,Buy,0.1,1.73681,-1.0,,,No
2025-02-03 04:51:00,GBP/USD,Sell,1.5,1.26836,-195.0,,,No
2025-02-03 09:57:00,EUR/CAD,Sell,1.0,1.45384,-20.0,,,No
2025-02-03 16:35:00,EUR/NZD,Sell,1.5,1.73215,300.0,,,No
2025-02-04 01:29:00,EUR/AUD,Buy,0.1,1.6104,-35.0,,,No
2025-02-04 11:20:00,GBP/JPY,Sell,1.0,144.86549,-160.0,,,No
2025-02-04 12:26:00,GBP/JPY,Sell,1.5,145.13884,435.0,,,No
2025-02-05 15:00:00,GBP/JPY,Sell,0.5,144.1843,10.0,,,No
2025-02-05 17:33:00,GBP/USD,Buy,1.5,1.26939,195.0,,,No
2025-02-05 21:04:00,USD/JPY,Sell,1.0,145.09274,-160.0,,,No
2025-02-06 07:01:00,NZD/JPY,Sell,1.0,144.86121,-170.0,,,No
2025-02-07 15:33:00,USD/CAD,Buy,2.0,1.34433,0.0,,,No
2025-02-07 21:17:00,EUR/CAD,Buy,0.1,1.46833,-1.0,Good risk/reward,,No
2025-02-08 04:52:00,NZD/USD,Sell,0.1,0.62866,-128.0,,,No
2025-02-08 07:55:00,EUR/AUD,Buy,0.1,1.60235,6.0,Followed trading plan,,No
2025-02-08 09:53:00,EUR/AUD,Buy,0.2,1.61246,-76.0,,,No
2025-02-08 20:36:00,USD/SGD,Buy,0.2,1.35362,-20.0,,,No
2025-02-09 06:54:00,USD/SGD,Buy,1.5,1.35059,495.0,,,No
2025-02-09 11:12:00,GBP/USD,Sell,1.5,1.27342,-75.0,,,No
2025-02-09 19:18:00,USD/JPY,Buy,2.0,144.61233,-940.0,,,No
2025-02-10 01:45:00,USD/MXN,Sell,1.0,17.7616,-560.0,,,No
2025-02-10 05:22:00,USD/CAD,Buy,0.2,1.33603,-6.0,,,No
2025-02-11 11:50:00,EUR/JPY,Buy,0.1,145.03343,-5.0,,,No
2025-02-11 20:39:00,EUR/AUD,Sell,1.0,1.60686,40.0,,,No
2025-02-11 23:47:00,EUR/NZD,Buy,0.1,1.74231,-29.0,,,No
2025-02-12 10:51:00,USD/JPY,Sell,0.1,145.61376,-2.0,,,No
2025-02-12 22:27:00,EUR/AUD,Sell,2.0,1.61009,340.0,,,No
2025-02-13 07:48:00,EUR/JPY,Buy,0.5,145.10145,105.0,,,No
2025-02-13 17:46:00,EUR/USD,Sell,0.2,1.09094,-20.0,,,No
2025-02-13 21:50:00,USD/MXN,Sell,1.0,17.8193,-3060.0,,,No
2025-02-14 09:49:00,USD/SGD,Buy,1.5,1.35044,-15.0,Revenge trade after loss,Revenge trading detected,Yes
2025-02-14 12:05:00,USD/CHF,Buy,2.0,0.87945,-40.0,,,No
2025-02-14 19:03:00,AUD/JPY,Sell,0.1,144.1814,-12.0,News-driven entry,,No
2025-02-15 05:25:00,NZD/JPY,Sell,0.2,145.04039,6.0,,,No
2025-02-15 11:06:00,NZD/JPY,Sell,0.5,144.55296,135.0,,,No
2025-02-15 22:56:00,GBP/NZD,Buy,0.1,2.02472,29.0,,,No
2025-02-16 07:57:00,USD/JPY,Sell,1.5,145.18583,-210.0,"Emotional trade, panic",Emotional trading detected,Yes
2025-02-17 15:02:00,EUR/CAD,Buy,0.2,1.46778,-52.0,,,No
2025-02-18 17:20:00,NZD/USD,Sell,2.0,0.63174,200.0,,,No
2025-02-18 20:52:00,USD/MXN,Sell,0.1,17.76419,371.0,,,No
2025-02-19 01:09:00,USD/MXN,Sell,1.0,17.78665,770.0,,,No
2025-02-19 09:01:00,GBP/AUD,Sell,0.2,1.91149,-8.0,,,No
2025-02-19 20:20:00,AUD/USD,Buy,0.1,0.67163,8.0,,,No
2025-02-20 01:23:00,USD/JPY,Buy,1.0,144.23939,280.0,,,No
2025-02-20 03:15:00,USD/MXN,Sell,0.2,17.71122,548.0,,,No
2025-02-20 15:11:00,EUR/NZD,Sell,1.0,1.74588,-290.0,"Forced trade, no signal",Forced trade detected,Yes
2025-02-20 17:35:00,EUR/AUD,Sell,0.1,1.60802,-27.0,Revenge trade after loss,Revenge trading detected,Yes
2025-02-21 01:08:00,GBP/JPY,Sell,0.2,144.90651,-14.0,"Forced trade, no signal",Forced trade detected,Yes
2025-02-21 06:14:00,EUR/GBP,Sell,2.0,0.86201,340.0,,,No
2025-02-21 10:00:00,GBP/USD,Buy,0.1,1.27532,-11.0,,,No
2025-02-21 11:50:00,EUR/CAD,Sell,1.5,1.45908,-555.0,"Emotional trade, panic",Emotional trading detected,Yes
2025-02-21 16:10:00,GBP/AUD,Buy,0.1,1.90538,28.0,,,No
2025-02-21 20:00:00,EUR/GBP,Buy,0.1,0.86417,-16.0,,,No
2025-02-21 23:19:00,NZD/USD,Sell,0.1,0.62888,0.0,,,No
2025-02-22 10:33:00,EUR/AUD,Buy,1.0,1.61135,-200.0,,,No
2025-02-22 11:22:00,USD/JPY,Buy,1.5,145.18447,-150.0,,,No
2025-02-22 21:09:00,AUD/USD,Sell,1.5,0.66997,90.0,,,No
2025-02-24 09:04:00,GBP/JPY,Sell,2.0,145.00279,-180.0,,,No
2025-02-24 19:32:00,NZD/JPY,Sell,2.0,144.95232,-40.0,,,No
2025-02-24 19:58:00,EUR/GBP,Sell,1.0,0.85905,-30.0,News-driven entry,,No
2025-02-24 23:29:00,GBP/JPY,Sell,0.1,145.69541,12.0,,,No
2025-02-25 05:10:00,GBP/JPY,Sell,0.1,144.87147,15.0,,,No
2025-02-25 05:39:00,USD/CAD,Sell,0.2,1.33866,48.0,,,No
2025-02-25 17:27:00,USD/CAD,Sell,0.2,1.34149,-4.0,"Forced trade, no signal",Forced trade detected,Yes
2025-02-26 18:43:00,NZD/USD,Buy,0.2,0.63085,-30.0,,,No
2025-02-26 22:17:00,USD/CAD,Buy,1.0,1.33547,-240.0,,,No
2025-02-27 02:36:00,USD/CHF,Sell,2.0,0.88038,460.0,,,No
2025-02-27 09:07:00,AUD/USD,Sell,1.5,0.67448,105.0,,,No
2025-02-28 17:25:00,EUR/USD,Sell,0.1,1.09164,-30.0,,,No
2025-02-28 20:29:00,EUR/JPY,Sell,1.0,144.76394,-170.0,,,No
2025-03-01 04:34:00,NZD/USD,Buy,0.1,0.62883,-2.0,"Emotional trade, panic",Emotional trading detected,Yes
2025-03-01 11:44:00,EUR/CAD,Sell,0.5,1.45793,-215.0,,,No
2025-03-01 13:56:00,EUR/CAD,Buy,1.0,1.46328,-230.0,,,No
2025-03-02 00:51:00,GBP/AUD,Buy,1.0,1.91137,590.0,,,No
2025-03-02 12:28:00,EUR/USD,Buy,1.0,1.08699,-410.0,,,No
2025-03-02 15:18:00,EUR/USD,Buy,2.0,1.08906,360.0,,,No
2025-03-02 18:36:00,USD/SGD,Buy,0.5,1.35793,-125.0,,,No
2025-03-04 04:41:00,USD/CHF,Sell,2.0,0.88131,-120.0,,,No
2025-03-04 07:12:00,EUR/JPY,Buy,1.0,144.95391,570.0,"Forced trade, no signal",Forced trade detected,Yes
2025-03-04 15:40:00,EUR/USD,Buy,2.0,1.08509,80.0,,,No
2025-03-04 18:55:00,GBP/JPY,Buy,1.5,145.20345,360.0,,,No
2025-03-04 20:00:00,AUD/USD,Buy,1.0,0.6702,30.0,Followed trading plan,,No
2025-03-04 21:32:00,EUR/CAD,Buy,0.5,1.45828,30.0,Overtrading mistake,Overtrading detected,Yes
2025-03-05 09:05:00,EUR/GBP,Buy,0.1,0.85911,8.0,Followed trading plan,,No
2025-03-05 09:17:00,EUR/CAD,Sell,1.0,1.45838,80.0,,,No
2025-03-05 15:13:00,EUR/AUD,Buy,2.0,1.60986,540.0,,,No
2025-03-06 17:00:00,EUR/USD,Sell,1.0,1.08983,-290.0,,,No
2025-03-07 21:51:00,USD/CAD,Sell,2.0,1.34507,-360.0,,,No
2025-03-09 03:25:00,EUR/USD,Sell,2.0,1.08786,-200.0,,,No
2025-03-09 04:53:00,GBP/AUD,Sell,1.0,1.91788,-610.0,,,No
2025-03-09 09:58:00,NZD/USD,Buy,1.5,0.63593,150.0,,,No
2025-03-09 21:32:00,AUD/JPY,Sell,1.0,145.09711,-10.0,,,No
2025-03-10 00:31:00,USD/JPY,Buy,2.0,145.12422,220.0,"Emotional trade, panic",Emotional trading detected,Yes
2025-03-11 05:23:00,USD/CAD,Sell,2.0,1.34259,220.0,,,No
2025-03-11 07:00:00,EUR/AUD,Buy,1.5,1.61043,-75.0,,,No
2025-03-11 13:35:00,AUD/JPY,Sell,0.2,144.9342,-8.0,News-driven entry,,No
2025-03-11 16:52:00,EUR/GBP,Sell,0.5,0.86293,40.0,Good risk/reward,,No
2025-03-11 20:11:00,EUR/CAD,Sell,0.5,1.44712,70.0,Followed trading plan,,No
2025-03-11 20:25:00,AUD/JPY,Sell,0.5,145.08471,0.0,,,No
2025-03-11 22:59:00,GBP/USD,Sell,2.0,1.26852,420.0,,,No
2025-03-12 02:44:00,GBP/NZD,Sell,1.0,2.03577,-240.0,,,No
2025-03-12 06:39:00,GBP/USD,Buy,2.0,1.27155,-360.0,,,No
2025-03-14 16:05:00,EUR/CAD,Sell,1.0,1.45396,-140.0,,,No
2025-03-15 04:03:00,NZD/USD,Sell,0.5,0.63163,45.0,,,No
2025-03-16 09:19:00,EUR/NZD,Buy,1.0,1.74268,190.0,Followed trading plan,,No
2025-03-17 12:44:00,EUR/USD,Sell,1.5,1.09169,-150.0,,,No
2025-03-17 20:06:00,AUD/USD,Buy,1.0,0.67087,80.0,,,No
2025-03-18 06:18:00,USD/SGD,Buy,1.0,1.35305,240.0,,,No
2025-03-18 16:33:00,AUD/USD,Sell,2.0,0.67142,60.0,,,No
2025-03-18 21:19:00,EUR/NZD,Sell,0.1,1.74559,-155.0,,,No
2025-03-18 21:47:00,NZD/JPY,Sell,2.0,144.92907,-320.0,,,No
2025-03-21 05:16:00,USD/CHF,Buy,0.1,0.87822,-2.0,,,No
2025-03-21 12:04:00,AUD/JPY,Sell,1.5,144.6553,-105.0,,,No
2025-03-21 15:41:00,EUR/GBP,Buy,2.0,0.85511,60.0,,,No
2025-03-21 17:57:00,NZD/JPY,Buy,0.1,145.00052,-18.0,Good risk/reward,,No
2025-03-22 00:14:00,AUD/JPY,Buy,2.0,145.28677,400.0,"Emotional trade, panic",Emotional trading detected,Yes
2025-03-22 09:10:00,USD/CHF,Sell,1.0,0.87576,-100.0,,,No
2025-03-22 18:26:00,USD/MXN,Buy,2.0,17.75893,-5000.0,,,No
2025-03-22 22:11:00,GBP/JPY,Buy,0.5,145.36082,-20.0,Entered to recover loss,Revenge trading detected,Yes
2025-03-23 02:37:00,EUR/JPY,Sell,0.2,144.88494,-88.0,,,No
2025-03-23 14:33:00,GBP/JPY,Buy,2.0,145.27641,-540.0,,,No
2025-03-24 00:15:00,USD/MXN,Buy,0.2,17.8032,148.0,,,No
2025-03-24 04:56:00,EUR/GBP,Buy,1.0,0.86351,-170.0,,,No
2025-03-24 09:40:00,GBP/JPY,Buy,0.1,143.68651,4.0,,,No
2025-03-24 11:51:00,AUD/USD,Sell,1.0,0.67362,120.0,,,No
2025-03-24 16:33:00,EUR/GBP,Buy,1.0,0.86054,-60.0,,,No
2025-03-25 02:02:00,EUR/CAD,Sell,0.5,1.46354,-105.0,Overtrading mistake,Overtrading detected,Yes
2025-03-25 04:33:00,EUR/CAD,Sell,2.0,1.46209,220.0,,,No
2025-03-25 11:46:00,EUR/NZD,Buy,0.5,1.74553,360.0,,,No
2025-03-25 15:45:00,USD/CHF,Buy,1.0,0.88104,-70.0,,,No
2025-03-25 19:55:00,USD/JPY,Buy,0.1,144.98888,-38.0,,,No
2025-03-27 03:14:00,USD/MXN,Buy,1.5,17.7629,-1635.0,,,No
2025-03-27 03:33:00,NZD/USD,Buy,2.0,0.62901,20.0,,,No
2025-03-28 12:38:00,GBP/USD,Sell,2.0,1.26687,420.0,,,No
2025-03-28 18:58:00,GBP/JPY,Sell,1.0,145.00009,0.0,,,No
2025-03-29 06:38:00,USD/CAD,Buy,1.0,1.33868,30.0,,,No
2025-03-29 10:25:00,USD/CHF,Buy,1.5,0.88218,-165.0,Technical setup,,No
2025-03-29 16:32:00,EUR/GBP,Buy,2.0,0.8583,-80.0,Technical setup,,No
2025-03-30 01:38:00,USD/MXN,Buy,1.0,17.72813,-2180.0,"Emotional trade, panic",Emotional trading detected,Yes
2025-03-30 08:27:00,GBP/AUD,Sell,0.2,1.90727,50.0,,,No
2025-03-30 10:55:00,GBP/AUD,Sell,2.0,1.9115,3360.0,Technical setup,,No
2025-03-30 16:39:00,GBP/USD,Buy,1.0,1.26948,70.0,,,No
2025-03-31 04:22:00,GBP/JPY,Sell,1.0,144.9551,60.0,,,No
2025-03-31 06:19:00,EUR/GBP,Buy,0.5,0.8585,-155.0,,,No
2025-03-31 12:14:00,USD/SGD,Buy,0.5,1.34946,145.0,,,No
2025-03-31 21:02:00,AUD/USD,Buy,0.1,0.67186,10.0,,,No
2025-04-02 00:30:00,GBP/NZD,Buy,1.5,2.03753,45.0,,,No
2025-04-02 03:07:00,USD/CAD,Buy,0.1,1.34079,-12.0,Good risk/reward,,No
2025-04-02 04:45:00,GBP/USD,Sell,0.5,1.2688,60.0,,,No
2025-04-02 05:52:00,USD/MXN,Sell,0.5,17.86429,-185.0,,,No
2025-04-02 10:09:00,EUR/AUD,Buy,0.1,1.60783,0.0,,,No
2025-04-02 20:35:00,EUR/GBP,Sell,1.0,0.86155,-190.0,Good risk/reward,,No
2025-04-02 22:53:00,EUR/AUD,Sell,0.5,1.59891,-65.0,,,No
2025-04-03 03:40:00,NZD/USD,Sell,0.1,0.62769,-5.0,Followed trading plan,,No
2025-04-03 11:21:00,EUR/GBP,Buy,1.5,0.85962,-90.0,,,No
2025-04-03 14:03:00,GBP/USD,Buy,1.5,1.27553,90.0,,,No
2025-04-04 23:41:00,GBP/AUD,Sell,2.0,1.91172,360.0,,,No
2025-04-05 08:21:00,EUR/USD,Buy,2.0,1.08628,340.0,,,No
2025-04-05 20:16:00,NZD/USD,Sell,1.5,0.62986,90.0,,,No
2025-04-06 02:54:00,AUD/JPY,Sell,0.5,144.53374,-170.0,"Forced trade, no signal",Forced trade detected,Yes
2025-04-06 13:05:00,EUR/USD,Sell,2.0,1.09267,120.0,,,No
2025-04-06 22:35:00,EUR/GBP,Buy,1.5,0.85767,-165.0,News-driven entry,,No
2025-04-08 03:16:00,GBP/USD,Buy,0.2,1.27429,-46.0,"Forced trade, no signal",Forced trade detected,Yes
2025-04-08 13:40:00,GBP/AUD,Sell,2.0,1.91941,-520.0,News-driven entry,,No
2025-04-08 14:43:00,EUR/USD,Sell,0.5,1.09209,-25.0,Revenge trade after loss,Revenge trading detected,Yes
2025-04-09 00:45:00,EUR/GBP,Sell,0.5,0.86156,-35.0,,,No
2025-04-10 04:35:00,EUR/AUD,Sell,2.0,1.60921,20.0,,,No
2025-04-10 12:04:00,GBP/AUD,Buy,0.1,1.90426,21.0,,,No
2025-04-10 21:52:00,GBP/NZD,Buy,0.1,2.02687,-7.0,,,No
2025-04-11 01:09:00,USD/JPY,Buy,0.2,144.56746,-112.0,,,No
2025-04-11 03:34:00,EUR/USD,Buy,0.1,1.08938,39.0,"Forced trade, no signal",Forced trade detected,Yes
2025-04-12 04:23:00,GBP/JPY,Buy,0.5,145.3413,0.0,Good risk/reward,,No
2025-04-13 06:16:00,AUD/JPY,Sell,0.1,144.88564,0.0,,,No
2025-04-13 09:08:00,USD/CHF,Sell,0.2,0.88144,-32.0,,,No
2025-04-13 09:58:00,EUR/GBP,Sell,1.0,0.86287,90.0,Technical setup,,No
2025-04-13 16:04:00,USD/CHF,Buy,2.0,0.8819,120.0,,,No
2025-04-13 19:02:00,EUR/GBP,Buy,0.5,0.86005,45.0,Good risk/reward,,No
2025-04-15 05:26:00,GBP/JPY,Buy,0.5,145.25744,-40.0,,,No
2025-04-15 10:39:00,USD/CHF,Sell,0.5,0.87849,5.0,,,No
2025-04-16 12:02:00,EUR/USD,Buy,0.2,1.09507,-40.0,,,No
2025-04-16 20:16:00,USD/JPY,Buy,2.0,144.36163,80.0,,,No
2025-04-17 02:55:00,GBP/AUD,Sell,1.0,1.91029,50.0,,,No
2025-04-17 14:09:00,USD/CAD,Sell,1.0,1.34098,-50.0,,,No
2025-04-17 15:39:00,NZD/JPY,Sell,2.0,145.64809,-700.0,News-driven entry,,No
2025-04-17 16:01:00,GBP/AUD,Sell,0.1,1.90525,-3.0,Entered to recover loss,Revenge trading detected,Yes
2025-04-17 18:28:00,USD/CHF,Sell,1.5,0.87566,-30.0,,,No
2025-04-18 19:30:00,GBP/JPY,Buy,2.0,145.72274,0.0,,,No
2025-04-18 20:30:00,EUR/GBP,Buy,1.5,0.8606,-240.0,,,No
2025-04-18 21:53:00,EUR/USD,Sell,0.2,1.08798,-12.0,,,No
2025-04-19 03:43:00,EUR/NZD,Buy,0.2,1.73834,66.0,,,No
2025-04-19 06:32:00,EUR/USD,Sell,2.0,1.09182,-360.0,,,No
2025-04-19 16:22:00,USD/MXN,Sell,1.0,17.81316,1330.0,,,No
2025-04-20 20:03:00,EUR/CAD,Buy,0.2,1.46499,70.0,Technical setup,,No
2025-04-21 07:16:00,EUR/CAD,Sell,0.5,1.45555,-90.0,Good risk/reward,,No
2025-04-21 13:04:00,EUR/USD,Buy,1.5,1.08589,-60.0,News-driven entry,,No
2025-04-21 16:35:00,GBP/USD,Buy,1.5,1.27178,285.0,,,No
2025-04-21 22:02:00,USD/JPY,Sell,0.5,144.96696,75.0,,,No
2025-04-22 04:47:00,GBP/AUD,Buy,0.1,1.90521,60.0,,,No
2025-04-22 07:25:00,EUR/USD,Sell,0.1,1.08474,3.0,,,No
2025-04-23 09:05:00,USD/CAD,Buy,2.0,1.34813,0.0,,,No
2025-04-23 19:33:00,USD/MXN,Sell,0.2,17.78985,-190.0,,,No
2025-04-24 07:17:00,EUR/CAD,Buy,1.5,1.45921,450.0,,,No
2025-04-26 09:01:00,EUR/USD,Buy,0.5,1.08277,125.0,,,No
2025-04-26 10:42:00,EUR/NZD,Sell,0.5,1.73257,-35.0,,,No
2025-04-26 13:50:00,EUR/NZD,Sell,0.5,1.73776,75.0,,,No
2025-04-27 23:37:00,GBP/NZD,Buy,0.5,2.02027,70.0,,,No
2025-04-28 05:57:00,USD/MXN,Sell,2.0,17.9081,-7320.0,,,No
2025-04-30 06:45:00,GBP/USD,Buy,1.5,1.27072,-195.0,Revenge trade after loss,Revenge trading detected,Yes
2025-04-30 09:32:00,NZD/JPY,Sell,0.2,145.18526,0.0,Technical setup,,No
2025-04-30 18:44:00,EUR/NZD,Buy,2.0,1.73665,260.0,,,No
2025-05-01 01:40:00,EUR/AUD,Buy,1.5,1.61872,-75.0,,,No
2025-05-01 02:24:00,AUD/JPY,Buy,0.2,145.31309,-56.0,Technical setup,,No
2025-05-01 08:39:00,USD/SGD,Sell,0.2,1.34613,20.0,,,No
2025-05-01 19:34:00,AUD/USD,Buy,0.5,0.67298,20.0,,,No
2025-05-03 04:36:00,NZD/USD,Sell,0.1,0.62941,0.0,,,No
2025-05-03 07:29:00,NZD/USD,Sell,1.0,0.62764,60.0,,,No
2025-05-03 13:37:00,NZD/JPY,Sell,1.5,145.38381,-150.0,Followed trading plan,,No
2025-05-03 19:06:00,EUR/USD,Buy,0.2,1.08846,8.0,,,No
2025-05-03 23:40:00,USD/MXN,Buy,0.2,17.77668,-36.0,,,No
2025-05-04 02:57:00,USD/SGD,Buy,0.2,1.3585,-10.0,,,No
2025-05-04 03:16:00,GBP/AUD,Sell,0.5,1.90795,615.0,,,No
2025-05-04 11:07:00,USD/SGD,Sell,1.5,1.34927,-195.0,,,No
2025-05-04 17:34:00,AUD/USD,Buy,1.0,0.67266,140.0,,,No
2025-05-05 04:14:00,EUR/GBP,Buy,0.1,0.85845,-24.0,"Forced trade, no signal",Forced trade detected,Yes
2025-05-06 06:05:00,GBP/NZD,Buy,1.5,2.03614,-315.0,,,No
2025-05-06 09:58:00,EUR/NZD,Sell,1.0,1.74413,-510.0,,,No
2025-05-07 21:03:00,EUR/CAD,Buy,0.2,1.46391,-54.0,,,No
2025-05-09 04:12:00,USD/CAD,Buy,1.0,1.34294,0.0,,,No
2025-05-10 13:08:00,EUR/AUD,Sell,1.5,1.60539,-150.0,,,No
2025-05-11 00:12:00,EUR/CAD,Buy,1.5,1.46301,30.0,,,No
2025-05-11 07:09:00,EUR/AUD,Buy,0.1,1.61282,48.0,Technical setup,,No
2025-05-12 17:56:00,EUR/JPY,Buy,0.2,144.31955,70.0,Followed trading plan,,No
2025-05-13 03:17:00,USD/JPY,Sell,2.0,145.04539,-4260.0,,,No
2025-05-13 07:27:00,USD/CAD,Sell,0.2,1.33924,36.0,,,No
2025-05-13 08:56:00,GBP/JPY,Buy,1.5,144.94452,495.0,,,No
2025-05-13 11:26:00,USD/CHF,Sell,0.1,0.87617,0.0,,,No
2025-05-13 13:14:00,GBP/NZD,Buy,1.0,2.02237,110.0,,,No
2025-05-13 18:40:00,EUR/NZD,Buy,0.1,1.74463,-11.0,,,No
2025-05-14 20:45:00,EUR/AUD,Sell,1.5,1.59742,75.0,"Forced trade, no signal",Forced trade detected,Yes
2025-05-15 01:10:00,EUR/GBP,Buy,1.5,0.86113,75.0,Overtrading mistake,Overtrading detected,Yes
2025-05-15 07:28:00,EUR/GBP,Buy,0.2,0.86319,90.0,,,No
2025-05-15 15:46:00,NZD/USD,Buy,1.5,0.63225,-255.0,,,No
2025-05-15 22:40:00,NZD/USD,Sell,2.0,0.6306,-100.0,News-driven entry,,No
2025-05-16 02:15:00,GBP/NZD,Sell,1.0,2.0295,110.0,,,No
2025-05-16 08:52:00,USD/SGD,Buy,0.5,1.34803,-70.0,,,No
2025-05-17 17:40:00,EUR/JPY,Sell,2.0,145.01486,-480.0,,,No
2025-05-17 23:15:00,USD/SGD,Buy,0.1,1.3456,14.0,,,No
2025-05-18 11:04:00,EUR/USD,Sell,1.5,1.08624,165.0,,,No
2025-05-18 21:25:00,NZD/USD,Buy,0.5,0.63087,-80.0,,,No
2025-05-19 07:17:00,USD/SGD,Sell,0.5,1.34726,120.0,,,No
2025-05-19 12:03:00,USD/SGD,Buy,0.2,1.34603,-18.0,,,No
2025-05-19 12:26:00,NZD/JPY,Buy,0.5,145.201,85.0,Good risk/reward,,No
2025-05-19 12:47:00,USD/JPY,Sell,1.0,144.89058,-130.0,,,No
2025-05-19 22:21:00,EUR/AUD,Sell,1.0,1.61687,420.0,,,No
2025-05-20 00:30:00,GBP/AUD,Buy,0.1,1.91561,-152.0,,,No
2025-05-21 08:01:00,USD/CAD,Buy,2.0,1.33666,200.0,,,No
2025-05-22 19:50:00,GBP/USD,Sell,0.1,1.27159,27.0,News-driven entry,,No
2025-05-23 02:23:00,EUR/JPY,Buy,1.5,145.28295,-495.0,,,No
2025-05-23 09:31:00,EUR/NZD,Buy,0.2,1.74549,-52.0,,,No
2025-05-23 13:27:00,USD/JPY,Sell,2.0,144.83297,100.0,,,No
2025-05-23 17:02:00,USD/JPY,Buy,0.1,145.86812,68.0,,,No
2025-05-24 01:26:00,EUR/GBP,Sell,1.5,0.86157,-30.0,,,No
2025-05-25 09:15:00,GBP/JPY,Buy,0.2,145.23251,38.0,,,No
2025-05-25 12:47:00,EUR/CAD,Buy,1.0,1.4586,390.0,,,No
2025-05-25 15:22:00,EUR/NZD,Buy,0.2,1.7412,26.0,"Emotional trade, panic",Emotional trading detected,Yes
2025-05-25 15:56:00,GBP/NZD,Sell,0.1,2.03406,13.0,,,No
2025-05-26 00:35:00,USD/SGD,Sell,0.5,1.3534,-60.0,,,No
2025-05-27 03:58:00,USD/CHF,Buy,1.5,0.87853,-225.0,,,No
2025-05-27 04:54:00,USD/CAD,Buy,0.1,1.34177,16.0,,,No
2025-05-27 15:34:00,EUR/CAD,Sell,0.2,1.46201,74.0,,,No
2025-05-27 19:07:00,GBP/AUD,Sell,0.5,1.90997,95.0,,,No
2025-05-28 03:20:00,USD/CHF,Buy,2.0,0.87712,-100.0,,,No
2025-05-28 03:38:00,GBP/NZD,Sell,0.2,2.03424,52.0,,,No
2025-05-28 03:52:00,GBP/AUD,Sell,1.0,1.90832,-20.0,Good risk/reward,,No
2025-05-28 08:54:00,USD/CAD,Buy,0.1,1.3339,-7.0,,,No
2025-05-28 14:58:00,AUD/JPY,Sell,0.5,145.38732,65.0,"Forced trade, no signal",Forced trade detected,Yes
2025-05-28 20:44:00,USD/MXN,Sell,2.0,17.82674,260.0,Technical setup,,No
2025-05-30 08:04:00,GBP/JPY,Sell,0.2,145.00307,-28.0,,,No
2025-05-30 09:40:00,NZD/USD,Sell,0.5,0.63132,20.0,,,No
2025-05-30 18:44:00,AUD/USD,Sell,0.5,0.67099,-25.0,,,No
2025-06-02 00:05:00,NZD/USD,Buy,2.0,0.62593,200.0,,,No
2025-06-02 06:05:00,USD/CHF,Buy,1.0,0.87874,-110.0,,,No
2025-06-02 11:06:00,AUD/JPY,Buy,0.5,145.30166,-45.0,,,No
2025-06-02 21:18:00,EUR/GBP,Buy,0.1,0.86273,8.0,News-driven entry,,No
2025-06-03 02:13:00,USD/MXN,Buy,2.0,17.8365,-7320.0,,,No
2025-06-03 03:40:00,USD/CHF,Buy,0.5,0.8832,-145.0,,,No
2025-06-04 08:12:00,USD/CHF,Sell,1.0,0.88038,-240.0,,,No
2025-06-04 11:41:00,EUR/JPY,Buy,0.2,145.17776,-44.0,,,No
2025-06-04 18:10:00,USD/SGD,Buy,1.0,1.34452,-310.0,,,No
2025-06-05 00:17:00,USD/SGD,Sell,1.0,1.35451,-130.0,,,No
2025-06-05 02:45:00,USD/CHF,Buy,0.5,0.88405,-35.0,,,No
2025-06-05 09:32:00,GBP/JPY,Sell,1.0,144.2573,-240.0,,,No
2025-06-05 10:33:00,EUR/JPY,Buy,0.1,145.53758,-3.0,,,No
2025-06-05 20:36:00,USD/MXN,Buy,1.5,17.77072,645.0,,,No
2025-06-06 08:12:00,GBP/JPY,Sell,2.0,145.21828,480.0,"Emotional trade, panic",Emotional trading detected,Yes
2025-06-06 11:42:00,EUR/GBP,Buy,1.5,0.86374,-1785.0,,,No
2025-06-06 12:12:00,USD/MXN,Sell,0.1,17.77792,69.0,,,No
2025-06-07 16:43:00,EUR/NZD,Buy,2.0,1.73497,-500.0,Overtrading mistake,Overtrading detected,Yes
2025-06-09 04:01:00,USD/CAD,Buy,2.0,1.34138,-20.0,,,No
2025-06-10 12:30:00,GBP/AUD,Sell,2.0,1.91019,-440.0,,,No
2025-06-10 17:25:00,EUR/NZD,Buy,0.1,1.7388,-24.0,,,No
2025-06-10 23:33:00,GBP/JPY,Sell,1.0,145.38724,230.0,,,No
2025-06-12 08:13:00,NZD/USD,Sell,1.5,0.62651,-135.0,,,No
2025-06-12 17:54:00,EUR/AUD,Sell,0.2,1.60277,-32.0,,,No
2025-06-13 04:59:00,GBP/NZD,Sell,1.5,2.02949,-660.0,,,No
2025-06-13 14:02:00,EUR/JPY,Buy,1.5,144.59899,-330.0,,,No
2025-06-13 16:49:00,USD/CAD,Buy,1.0,1.34083,10.0,,,No
2025-06-14 20:56:00,EUR/GBP,Buy,1.0,0.85814,20.0,News-driven entry,,No
2025-06-14 22:15:00,EUR/NZD,Sell,0.1,1.73715,-7.0,,,No
2025-06-15 09:12:00,NZD/JPY,Buy,1.0,145.72795,290.0,,,No
2025-06-15 18:18:00,NZD/USD,Buy,2.0,0.62754,160.0,Followed trading plan,,No
2025-06-17 00:31:00,USD/SGD,Buy,2.0,1.35329,-460.0,,,No
2025-06-17 04:08:00,NZD/JPY,Sell,0.5,145.35617,170.0,Technical setup,,No
2025-06-17 05:25:00,NZD/JPY,Buy,1.5,144.51169,-300.0,,,No
2025-06-17 11:08:00,EUR/USD,Buy,0.5,1.09333,25.0,Followed trading plan,,No
2025-06-18 12:29:00,AUD/JPY,Buy,1.5,145.23989,105.0,Good risk/reward,,No
2025-06-18 17:03:00,EUR/USD,Buy,0.5,1.09128,-110.0,Followed trading plan,,No
2025-06-18 22:45:00,GBP/USD,Buy,1.5,1.27399,330.0,,,No
2025-06-19 00:02:00,USD/SGD,Buy,1.0,1.34907,-10.0,Good risk/reward,,No
2025-06-19 03:57:00,GBP/AUD,Sell,0.2,1.90123,30.0,Overtrading mistake,Overtrading detected,Yes
2025-06-19 07:22:00,AUD/JPY,Sell,2.0,145.24884,-20.0,"Emotional trade, panic",Emotional trading detected,Yes
2025-06-19 13:53:00,GBP/JPY,Sell,1.5,145.48909,-105.0,,,No
2025-06-20 20:14:00,GBP/AUD,Buy,0.1,1.91324,-29.0,Technical setup,,No
2025-06-21 05:28:00,NZD/JPY,Buy,0.1,144.98975,-4.0,Good risk/reward,,No
2025-06-21 08:37:00,USD/CHF,Buy,1.5,0.88059,-75.0,,,No
2025-06-21 16:52:00,EUR/GBP,Buy,1.5,0.85966,165.0,,,No
2025-06-22 20:42:00,EUR/NZD,Sell,1.5,1.73772,-630.0,,,No
2025-06-23 08:41:00,AUD/JPY,Buy,1.0,145.76107,300.0,,,No
2025-06-23 17:39:00,USD/CAD,Sell,0.2,1.33481,28.0,,,No
2025-06-23 21:44:00,EUR/NZD,Sell,0.1,1.73737,7.0,,,No
2025-06-23 23:15:00,GBP/USD,Sell,1.0,1.27112,-50.0,,,No
2025-06-24 02:50:00,EUR/CAD,Buy,1.5,1.45657,-225.0,,,No
2025-06-24 03:21:00,EUR/AUD,Sell,1.5,1.60557,-300.0,"Emotional trade, panic",Emotional trading detected,Yes
2025-06-25 04:24:00,EUR/GBP,Sell,2.0,0.85983,-180.0,,,No
